comment_id,video_id,author,updated_at,like_count,cleaned_text,roberta_label,roberta_confidence,sentiment_label,entities,keywords,topic_id,topic_keywords
e765989f4c297e83,6ebXffTl4do,@jamesomahoney2181,2026-06-22T01:24:09Z,420,Still gonna need those Trump Epstien Files,LABEL_1,0.7084792256355286,Neutral,"[{""text"": ""Trump Epstien Files"", ""label"": ""PERSON""}]","[""those"", ""files"", ""still"", ""need"", ""trump""]",-1,
48a4d5c562e2f01e,6ebXffTl4do,@9WhiteDrop1,2026-06-22T01:30:19Z,224,Told you Iran don't negotiate with terrorists,LABEL_0,0.5323290824890137,Anti,"[{""text"": ""Iran"", ""label"": ""GPE""}]","[""don negotiate"", ""iran don"", ""told you"", ""with terrorists"", ""terrorists""]",2,"the, to, you, of, iran"
e7f2665077fb07e4,6ebXffTl4do,@RoyceBenning,2026-06-22T01:18:39Z,190,284 deals later….,LABEL_1,0.8222659826278687,Neutral,"[{""text"": ""284"", ""label"": ""CARDINAL""}]","[""deals""]",-1,
d666f59bc6eb9ef6,6ebXffTl4do,@ZeroCoolXRP,2026-06-22T01:33:40Z,117,14 threats 9 wins 14 peace deals 3 ceasefires.. polymarket odds please,LABEL_1,0.7670543193817139,Neutral,"[{""text"": ""14"", ""label"": ""CARDINAL""}, {""text"": ""9"", ""label"": ""CARDINAL""}, {""text"": ""14"", ""label"": ""CARDINAL""}, {""text"": ""3"", ""label"": ""CARDINAL""}]","[""odds"", ""wins"", ""deals"", ""please"", ""threats""]",-1,
1c82685bc248500e,6ebXffTl4do,@WeWuzVikangsAndRomains,2026-06-22T01:18:06Z,103,How are yall still reporting this like this exact same thing hasn’t happened 40 times already. Remaining mainstream media watchers have to feel like they’re trapped in a loop.,LABEL_0,0.7936692833900452,Anti,"[{""text"": ""40"", ""label"": ""CARDINAL""}]","[""like"", ""like this"", ""trapped"", ""like they"", ""remaining""]",8,"the, is, and, to, of"
a685bb063f1b9201,6ebXffTl4do,@brianmcmanus6034,2026-06-22T01:26:57Z,80,"oh a CBS poll , you know what you can do with that",LABEL_1,0.7857393026351929,Neutral,"[{""text"": ""CBS"", ""label"": ""ORG""}]","[""you"", ""can do"", ""do with"", ""with that"", ""you know""]",-1,
48ed7f7dc3a9563a,6ebXffTl4do,@johnnytwotimez,2026-06-22T01:34:05Z,69,"But we already obliterated them, right? Fools",LABEL_0,0.727337658405304,Anti,"[{""text"": ""Fools"", ""label"": ""PERSON""}]","[""but we"", ""obliterated them"", ""fools"", ""obliterated"", ""right""]",1,"of, so, the, and, his"
2303302c841919e5,6ebXffTl4do,@jayr.617,2026-06-22T01:41:31Z,61,Groundhog Day,LABEL_1,0.7274965643882751,Neutral,"[{""text"": ""Groundhog Day"", ""label"": ""DATE""}]","[""groundhog day"", ""groundhog"", ""day""]",-1,
f1cecf9913c08118,6ebXffTl4do,@MrAweeze,2026-06-22T01:30:31Z,56,"He was right about literally ONE thing: I am very, *very* tired of ""winning"".",LABEL_0,0.7082856893539429,Anti,"[{""text"": ""ONE"", ""label"": ""CARDINAL""}]","[""very"", ""very very"", ""of winning"", ""tired of"", ""very tired""]",0,"he, trump, the, but, and"
da9cbe47b9028aba,6ebXffTl4do,@bshwin,2026-06-22T01:40:38Z,56,"He is mentally unwell, Congress really needs to step in now!",LABEL_0,0.8821167945861816,Anti,"[{""text"": ""Congress"", ""label"": ""ORG""}]","[""to step"", ""step"", ""congress"", ""needs to"", ""really""]",5,"the, and, of, is, to"
62bd4f3487005459,6ebXffTl4do,@patoconnor9600,2026-06-22T01:47:39Z,42,"""two weeks"".",LABEL_1,0.7003974318504333,Neutral,"[{""text"": ""two weeks"", ""label"": ""DATE""}]","[""weeks"", ""two weeks"", ""two""]",-1,
07e5aec732a2daa1,6ebXffTl4do,@jaym9846,2026-06-22T01:19:46Z,30,President needs to attend an anger management class.,LABEL_0,0.5966383814811707,Anti,[],"[""needs to"", ""needs"", ""an"", ""president"", ""to""]",9,"the, to, trump, is, iran"
5ce1bd88af4d97bb,6ebXffTl4do,@alfredlevitt7327,2026-06-22T01:42:36Z,30,"Such BS they are never even in the same room or talk to each other. How can you pretend these are ""talks"".",LABEL_0,0.8669664859771729,Anti,[],"[""are"", ""each other"", ""talk to"", ""can you"", ""each""]",8,"the, is, and, to, of"
3dfc6a0d5905ba6a,6ebXffTl4do,@Rissa_97,2026-06-22T01:33:09Z,26,"How about attacking Israel instead? That would get the peace deal signed a lot faster. Iran is literally just waiting for Israel to stop bombing, which is a part of the deal.",LABEL_1,0.49400702118873596,Neutral,"[{""text"": ""Israel"", ""label"": ""GPE""}, {""text"": ""Iran"", ""label"": ""GPE""}, {""text"": ""Israel"", ""label"": ""GPE""}]","[""israel"", ""deal"", ""bombing"", ""get the"", ""instead""]",-1,
44d2076ecd989094,6ebXffTl4do,@Winston_Smith-144,2026-06-22T01:47:31Z,22,So netanyahu sabotages the peace agreement for his own selfish ends by violating the cease fire and successfuly manipulates trump into blaming Iran . Congrats bari🎉,LABEL_0,0.7425321936607361,Anti,"[{""text"": ""Iran"", ""label"": ""GPE""}, {""text"": ""Congrats"", ""label"": ""NORP""}, {""text"": ""bari"", ""label"": ""ORG""}]","[""for his"", ""bari"", ""fire and"", ""peace agreement"", ""cease""]",8,"the, is, and, to, of"
dcbe218c6628e180,6ebXffTl4do,@Thedesertguy75,2026-06-22T01:41:50Z,19,"I feel for the people in the military, no say, just do it. Im glad i got out when i did",LABEL_2,0.7197923064231873,Pro,[],"[""the military"", ""no say"", ""just do"", ""im"", ""glad""]",9,"the, iran, of, and, he"
015ba7f4d1c548d9,6ebXffTl4do,@Luke802-x2g,2026-06-22T01:41:15Z,18,110 countries please,LABEL_1,0.7905846238136292,Neutral,"[{""text"": ""110"", ""label"": ""CARDINAL""}]","[""countries"", ""please""]",-1,
b3abddddf5017766,6ebXffTl4do,@gtobandit,2026-06-22T01:53:29Z,16,We need to get these old senile people out of office. Trump please stop shitting your pants and just leave.,LABEL_0,0.9506360292434692,Anti,[],"[""pants"", ""old"", ""office"", ""of office"", ""get these""]",9,"the, to, trump, is, iran"
6c91e7e5d97d2e44,6ebXffTl4do,@lenbaker3559,2026-06-22T01:20:30Z,16,laughing out loud cbs propaganda poll,LABEL_0,0.5268899202346802,Anti,"[{""text"": ""cbs"", ""label"": ""ORG""}]","[""cbs propaganda"", ""out loud"", ""laughing out"", ""propaganda"", ""loud""]",9,"the, to, trump, is, iran"
b8281b5531e17cde,6ebXffTl4do,@ceonach,2026-06-22T02:26:33Z,16,He's just useless at making deals.,LABEL_0,0.9395743608474731,Anti,[],"[""useless"", ""deals"", ""making"", ""he just"", ""at""]",3,"the, to, he, trump, and"
49e81c64783f7792,6ebXffTl4do,@lbednaz,2026-06-22T01:29:42Z,15,We're not Iran's neighbor! Not our business! Enough with DEMENTO DUMPTY already!,LABEL_0,0.8162625432014465,Anti,"[{""text"": ""Iran"", ""label"": ""GPE""}]","[""not"", ""not iran"", ""we re"", ""business"", ""re not""]",5,"the, and, of, is, to"
3b281a1bc1e5afc6,6ebXffTl4do,@Cefshah,2026-06-22T02:33:24Z,14,"I doubt we'll see peace, with Trump as President.",LABEL_0,0.8239366412162781,Anti,"[{""text"": ""Trump"", ""label"": ""PERSON""}]","[""as president"", ""peace with"", ""ll"", ""with trump"", ""see""]",0,"he, trump, the, but, and"
62aa25a6a2e8ce50,6ebXffTl4do,@texarkana3781,2026-06-22T01:36:46Z,12,Does ANYONE even take this clown seriously anymore?,LABEL_0,0.9656873345375061,Anti,[],"[""this clown"", ""take this"", ""does anyone"", ""seriously"", ""anymore""]",4,"cbs, news, is, fake, the"
70b6458489d19650,6ebXffTl4do,@GGAtSocal,2026-06-22T01:19:03Z,12,Oh CBS took a poll?! Who believe a CBS poll? They want to make news by fabricating polls. Get these reporters off the air.,LABEL_0,0.847221851348877,Anti,"[{""text"": ""CBS"", ""label"": ""ORG""}, {""text"": ""CBS"", ""label"": ""ORG""}]","[""poll"", ""cbs"", ""oh cbs"", ""the air"", ""off the""]",9,"the, to, trump, is, iran"
bfe299cf36c3cc28,6ebXffTl4do,@ms.w2954,2026-06-22T01:14:05Z,12,We sick of it. Stop 🛑,LABEL_0,0.8794233202934265,Anti,[],"[""sick of"", ""sick"", ""stop"", ""we"", ""it""]",9,"the, to, trump, is, iran"
255415db071e10f3,6ebXffTl4do,@cbarr3283,2026-06-22T01:57:07Z,11,Where are congress and senators ?!!,LABEL_0,0.5348096489906311,Anti,"[{""text"": ""congress"", ""label"": ""ORG""}]","[""where"", ""congress"", ""are"", ""and""]",1,"of, so, the, and, his"
f8dbc66a946ce67b,6ebXffTl4do,@MariaGarcia-q5t7v,2026-06-22T01:15:52Z,11,Trump. is not a deal maker he is a deal breaker..,LABEL_0,0.7915497422218323,Anti,[],"[""deal"", ""is not"", ""is"", ""he is"", ""trump is""]",3,"the, to, he, trump, and"
99d1889f26541f50,6ebXffTl4do,@WorldBeyondCapitalism,2026-06-22T01:40:15Z,10,"Wow how insane that even 30% of americans think this war makes any sense. This is a digusting imperial war of aggression and the selfishness and brainwashed nature of americans is so obvious. Apparently the only thing bad about this war is how it could affect the pockets of Americans, NOT that it is an illegal war of aggression and multiple war crimes including the killing of 160 school girls on the first day. This nation is beyond help",LABEL_0,0.9602096080780029,Anti,"[{""text"": ""30%"", ""label"": ""PERCENT""}, {""text"": ""americans"", ""label"": ""NORP""}, {""text"": ""americans"", ""label"": ""NORP""}, {""text"": ""Americans"", ""label"": ""NORP""}, {""text"": ""160"", ""label"": ""CARDINAL""}, {""text"": ""the first day"", ""label"": ""DATE""}]","[""war"", ""of americans"", ""of"", ""americans"", ""aggression and""]",5,"the, and, of, is, to"
1c99eac1955a2030,6ebXffTl4do,@spunkychk5555,2026-06-22T02:03:37Z,10,We need a better leader. He’s incompetent,LABEL_0,0.8837037086486816,Anti,[],"[""incompetent"", ""leader"", ""we need"", ""better"", ""need""]",0,"he, trump, the, but, and"
68703cb9525ccfb3,6ebXffTl4do,@imrytebeehyneu,2026-06-22T01:11:35Z,10,Why attack Iran if Isreal is attacking first,LABEL_0,0.49483656883239746,Anti,"[{""text"": ""Iran"", ""label"": ""GPE""}, {""text"": ""Isreal"", ""label"": ""ORG""}, {""text"": ""first"", ""label"": ""ORDINAL""}]","[""iran if"", ""why attack"", ""isreal"", ""attacking"", ""attack""]",8,"the, is, and, to, of"
f2ece6c473e32bbd,6ebXffTl4do,@ljacobs357,2026-06-22T01:43:57Z,9,"Why should Iran take the US seriously when then negotiations team are the three stooges: Kushner, Witkoff and Vance.",LABEL_1,0.5733965635299683,Neutral,"[{""text"": ""Iran"", ""label"": ""GPE""}, {""text"": ""US"", ""label"": ""GPE""}, {""text"": ""three"", ""label"": ""CARDINAL""}, {""text"": ""Kushner"", ""label"": ""ORG""}, {""text"": ""Witkoff"", ""label"": ""PERSON""}, {""text"": ""Vance"", ""label"": ""GPE""}]","[""iran take"", ""take the"", ""team"", ""are the"", ""seriously""]",-1,
a28dd1423c4e1d00,6ebXffTl4do,@joeyvocals1,2026-06-22T01:11:48Z,9,Of course! He is a War Monger! Army Captain 2017-2019 Afghanistan combat veteran,LABEL_0,0.5587055683135986,Anti,"[{""text"": ""Army"", ""label"": ""ORG""}, {""text"": ""2017-2019"", ""label"": ""DATE""}, {""text"": ""Afghanistan"", ""label"": ""GPE""}]","[""is war"", ""course"", ""afghanistan"", ""of course"", ""captain""]",4,"cbs, news, is, fake, the"
cd434563abfd3210,6ebXffTl4do,@LiveLoveLaugh5685,2026-06-22T02:05:06Z,8,"As of mid-May 2026, the U.S. war with Iran has cost taxpayers at least $25 billion to $29 billion in direct military expenditures, according to Pentagon officials. However, independent estimates suggest the true cost is significantly higher, potentially exceeding $70 billion in the first 60 days alone. Israel has universal free healthcare. Must be nice.",LABEL_1,0.46495723724365234,Neutral,"[{""text"": ""mid-May 2026"", ""label"": ""DATE""}, {""text"": ""U.S."", ""label"": ""GPE""}, {""text"": ""Iran"", ""label"": ""GPE""}, {""text"": ""at least $25 billion to $29 billion"", ""label"": ""MONEY""}, {""text"": ""Pentagon"", ""label"": ""ORG""}, {""text"": ""$70 billion"", ""label"": ""MONEY""}, {""text"": ""the first 60 days"", ""label"": ""DATE""}, {""text"": ""Israel"", ""label"": ""GPE""}]","[""billion"", ""cost"", ""has"", ""alone"", ""mid""]",-1,
390f59d78be181fe,6ebXffTl4do,@gchomuk,2026-06-22T01:46:57Z,8,"The most important thing, has trump made enough money for himself and family by his actions?",LABEL_1,0.49915260076522827,Neutral,[],"[""actions"", ""the most"", ""family"", ""important"", ""himself""]",-1,
5b6ced6637ec8c45,6ebXffTl4do,@Ephraimneamakri,2026-06-22T01:49:42Z,8,"Absolutely no care in Lindsey’s voice, what a failure",LABEL_0,0.9525808691978455,Anti,"[{""text"": ""Lindsey\u2019s"", ""label"": ""ORG""}]","[""voice"", ""absolutely"", ""no care"", ""care"", ""lindsey""]",7,"and, not, he, the, they"
22be4f7feec3b190,6ebXffTl4do,@blackrocks8413,2026-06-22T02:16:02Z,8,I hope Iran messes this up. I soooooo want to see Round 2,LABEL_0,0.47006943821907043,Anti,"[{""text"": ""Iran"", ""label"": ""GPE""}, {""text"": ""Round 2"", ""label"": ""LAW""}]","[""soooooo"", ""round"", ""messes"", ""to see"", ""hope""]",3,"the, to, he, trump, and"
da2c0395d8959e5f,6ebXffTl4do,@Joelle-t6k,2026-06-22T01:16:17Z,8,The strait of Hormuz is not ours to control which has obviously been forgotten by this despicable administration,LABEL_0,0.9406237006187439,Anti,"[{""text"": ""Hormuz"", ""label"": ""PERSON""}]","[""obviously"", ""by this"", ""to control"", ""strait of"", ""of hormuz""]",5,"the, and, of, is, to"
60988886e504b2d6,6ebXffTl4do,@inneedofhim2,2026-06-22T01:21:44Z,7,I do not believe those statistics! Not at all!,LABEL_0,0.9511861801147461,Anti,[],"[""not"", ""at all"", ""do not"", ""those"", ""believe""]",7,"and, not, he, the, they"
13974d94ef4fe4de,6ebXffTl4do,@thisguyshorty3554,2026-06-22T03:04:56Z,7,Manipulation Monday again.,LABEL_1,0.8351171612739563,Neutral,"[{""text"": ""Monday"", ""label"": ""DATE""}]","[""monday"", ""manipulation"", ""again""]",-1,
f3fc01fce126ed15,6ebXffTl4do,@totalmagadeath1312,2026-06-22T01:45:13Z,7,And this guy wants a Nobel Peace Prize😂,LABEL_0,0.564988374710083,Anti,"[{""text"": ""a Nobel Peace Prize"", ""label"": ""WORK_OF_ART""}]","[""peace prize"", ""and this"", ""prize"", ""this guy"", ""guy""]",7,"and, not, he, the, they"
18ff04729ecd802a,6ebXffTl4do,@williamheying4819,2026-06-22T02:09:14Z,7,Remove Trump Now!,LABEL_0,0.6438081860542297,Anti,[],"[""remove"", ""now"", ""trump""]",9,"the, to, trump, is, iran"
14169927d9e0bc6b,6ebXffTl4do,@jax1492,2026-06-22T02:10:57Z,7,Iran doesn't negotiate with terrorists,LABEL_0,0.5039320588111877,Anti,"[{""text"": ""Iran"", ""label"": ""GPE""}]","[""with terrorists"", ""terrorists"", ""negotiate with"", ""negotiate"", ""doesn""]",2,"the, to, you, of, iran"
58a2f1ad26c14df4,6ebXffTl4do,@alfonsoarmendariz1416,2026-06-22T03:16:57Z,6,This idiot trying to bankrupt the country like he did to his businesses,LABEL_0,0.9639712572097778,Anti,[],"[""he did"", ""bankrupt"", ""businesses"", ""country like"", ""to his""]",9,"the, to, trump, is, iran"
1a560f39665bc0b7,6ebXffTl4do,@tonyscott6837,2026-06-22T01:59:06Z,6,"Stop trusting this administration, DJT has a reputation for corruption and has been convicted of crimes, making him one of the most corrupt figures recently. Reports of his dealings with Iran, if true, show his ineffectiveness as a negotiator since he fails to secure good agreements. His record shows failed negotiations and poor deal-making. Iran now has an advantage, able to develop nuclear weapons despite international pressure. The US seems to be in decline, risking its global influence. Iran will use the Strait, leveraging Trump’s irresponsible actions",LABEL_0,0.8925041556358337,Anti,"[{""text"": ""DJT"", ""label"": ""ORG""}, {""text"": ""Iran"", ""label"": ""GPE""}, {""text"": ""Iran"", ""label"": ""GPE""}, {""text"": ""US"", ""label"": ""GPE""}, {""text"": ""Iran"", ""label"": ""GPE""}, {""text"": ""Strait"", ""label"": ""LOC""}, {""text"": ""Trump"", ""label"": ""ORG""}]","[""has"", ""making"", ""his"", ""iran"", ""of""]",5,"the, and, of, is, to"
da242d6ca78b3867,6ebXffTl4do,@PersonaPariah,2026-06-22T01:43:04Z,6,Can't help but notice that both Democrats and Republicans wanted to continue the war for israel. really makes you think.,LABEL_0,0.5420123934745789,Anti,"[{""text"": ""Democrats"", ""label"": ""NORP""}, {""text"": ""Republicans"", ""label"": ""NORP""}, {""text"": ""israel"", ""label"": ""GPE""}]","[""wanted to"", ""war for"", ""wanted"", ""continue"", ""notice""]",9,"the, to, trump, is, iran"
a29b971fe943d492,6ebXffTl4do,@omari6108,2026-06-22T01:27:39Z,6,"That poll for if people feel the deal is better for US, for the people that think it's better for us.da hell are they smoking? 😂 It's pretty obvious that Iran came out on top with that",LABEL_1,0.49286675453186035,Neutral,"[{""text"": ""US"", ""label"": ""GPE""}, {""text"": ""Iran"", ""label"": ""GPE""}]","[""that"", ""for"", ""better"", ""us"", ""people""]",-1,
fbf52a69841f1dd8,6ebXffTl4do,@amywarengo4748,2026-06-22T03:20:46Z,5,Trump looks bad . Tired of counting all of is money.. 🇺🇸 deserves leadership,LABEL_0,0.8793025612831116,Anti,"[{""text"": ""\ud83c\uddf8"", ""label"": ""NORP""}]","[""tired of"", ""leadership"", ""trump looks"", ""tired"", ""all of""]",8,"the, is, and, to, of"
159a587a38606d0a,6ebXffTl4do,@joeforal3626,2026-06-22T02:49:32Z,5,Insanity is doing the doing the same thing over and over and expecting different results. Does anyone see an insane president?,LABEL_0,0.9483213424682617,Anti,[],"[""over and"", ""doing"", ""over"", ""different"", ""does anyone""]",5,"the, and, of, is, to"
392124c3df3f672d,6ebXffTl4do,@gregory6003,2026-06-22T02:21:33Z,4,Trump. Not looking good.,LABEL_0,0.9359144568443298,Anti,[],"[""looking"", ""good"", ""not"", ""trump""]",9,"the, to, trump, is, iran"
2c1179867354e4d5,6ebXffTl4do,@Holtzman-s3r,2026-06-22T01:32:32Z,4,No one is listening to Cory!,LABEL_0,0.9226352572441101,Anti,"[{""text"": ""Cory"", ""label"": ""NORP""}]","[""listening to"", ""listening"", ""one is"", ""cory"", ""no one""]",4,"cbs, news, is, fake, the"
ba8ba53f4b90e0e8,6ebXffTl4do,@theRealDonaldTrump666,2026-06-22T01:36:07Z,4,the art of the deal is never actually having a deal and threatening everyone involved because there is no deal. even if they agree you dont think it was a good deal . not good enough to honor,LABEL_0,0.8269416689872742,Anti,[],"[""deal"", ""good"", ""deal is"", ""and threatening"", ""to honor""]",5,"the, and, of, is, to"
718f54bb4e2fd7e2,6ebXffTl4do,@CultureoftheWorld,2026-06-22T01:52:47Z,4,Not one word about the Genocide,LABEL_0,0.6293254494667053,Anti,[],"[""not one"", ""genocide"", ""word"", ""about the"", ""one""]",7,"and, not, he, the, they"
905a58847103acf9,6ebXffTl4do,@Boardnbike,2026-06-22T02:42:41Z,4,Why attack them again when yesterday he told us we don't need the Strait.,LABEL_0,0.7803804874420166,Anti,"[{""text"": ""yesterday"", ""label"": ""DATE""}, {""text"": ""Strait"", ""label"": ""LOC""}]","[""we don"", ""why attack"", ""told us"", ""he told"", ""told""]",2,"the, to, you, of, iran"
993e30c7f69f4e90,6ebXffTl4do,@laborantibus11235,2026-06-22T02:42:46Z,4,"Well, that didn't take long to fall apart.",LABEL_0,0.5801573991775513,Anti,[],"[""didn"", ""long"", ""well"", ""take"", ""that""]",4,"cbs, news, is, fake, the"
a6af403b5ad4ff19,6ebXffTl4do,@camdudzinski5206,2026-06-22T02:42:55Z,4,"The greatest negotiator in the world. Is trying to negotiate an end to a war that he started. And also pay $300 million in frozen assets and maybe we pay a toll to use the strait of hormuz as reparations for war damages in Iran. Yes, truly the greatest negotiator in the history of negotiations. Truly a great businessman. We keep winning. We have turned pristine waters of a pool into green algae. Truly everything this man touches turns to ****.",LABEL_2,0.6436815857887268,Pro,"[{""text"": ""$300 million"", ""label"": ""MONEY""}, {""text"": ""Iran"", ""label"": ""GPE""}]","[""truly"", ""the greatest"", ""greatest"", ""negotiator"", ""pay""]",8,"the, to, in, we, trump"
3da17bc239a03803,6ebXffTl4do,@richardnunziata3221,2026-06-22T01:19:36Z,4,only a matter of time before Trump Vance and Hegseth totally take down the US with this fool game they are playing because they place themselves above all others,LABEL_0,0.8234682083129883,Anti,"[{""text"": ""Trump Vance"", ""label"": ""PERSON""}, {""text"": ""Hegseth"", ""label"": ""PERSON""}, {""text"": ""US"", ""label"": ""GPE""}]","[""they"", ""matter of"", ""only matter"", ""themselves"", ""above""]",2,"the, to, you, of, iran"
0f7ab5f8a2685c8e,6ebXffTl4do,@billmiller2081,2026-06-22T02:17:52Z,4,Israel will not let the USA leave we look weak. They need to leave and let Israel fight without the USA.,LABEL_0,0.6574253439903259,Anti,"[{""text"": ""Israel"", ""label"": ""GPE""}, {""text"": ""USA"", ""label"": ""GPE""}, {""text"": ""Israel"", ""label"": ""GPE""}, {""text"": ""USA"", ""label"": ""GPE""}]","[""leave"", ""the usa"", ""usa"", ""let"", ""israel""]",9,"the, to, trump, is, iran"
8f50a972789687ca,6ebXffTl4do,@PoeLemic,2026-06-22T07:08:10Z,4,"Trump has really made some serious mistakes. All of my Professors in War College are saying that he is the worst President ever, relating to foreign policies. Sets America back almost 100 years.",LABEL_0,0.9628883004188538,Anti,"[{""text"": ""Trump"", ""label"": ""ORG""}, {""text"": ""almost 100 years"", ""label"": ""DATE""}]","[""policies"", ""100"", ""almost"", ""some serious"", ""the worst""]",5,"the, and, of, is, to"
294acbc401bb1eb4,6ebXffTl4do,@OhbutIdigresss,2026-06-22T02:22:07Z,4,"MoU are NOT deals. It’s literally a f’ing memo in hope of a deal, maybe next year, at best.",LABEL_0,0.6683107614517212,Anti,"[{""text"": ""next year"", ""label"": ""DATE""}]","[""mou"", ""year"", ""literally"", ""hope"", ""deals""]",5,"the, and, of, is, to"
1d0ae421a18a1162,6ebXffTl4do,@jeanneparadise8200,2026-06-22T02:34:02Z,4,"Insulting Iran is immature and unprofessional. It makes negotiations strained, act with respect and decorum. Never swear and stop protecting war criminal Israel. American taxpayers' are suffering.",LABEL_0,0.9276707172393799,Anti,"[{""text"": ""Insulting"", ""label"": ""GPE""}, {""text"": ""Iran"", ""label"": ""GPE""}, {""text"": ""Israel"", ""label"": ""GPE""}, {""text"": ""American"", ""label"": ""NORP""}]","[""and"", ""taxpayers"", ""insulting"", ""respect"", ""act""]",5,"the, and, of, is, to"
5a8ea7f8e3f31525,6ebXffTl4do,@JohnPotter-l7l,2026-06-22T01:13:58Z,3,Disagree with poll stats,LABEL_0,0.659843385219574,Anti,[],"[""disagree"", ""disagree with"", ""poll"", ""with""]",9,"the, to, trump, is, iran"
ab98cd1a08b41662,6ebXffTl4do,@YoYo-gt5iq,2026-06-22T02:18:22Z,3,He just looks so old and tired. Shame there was literally no one else who could be President,LABEL_0,0.9443777203559875,Anti,[],"[""there was"", ""shame"", ""else"", ""be president"", ""looks so""]",4,"cbs, news, is, fake, the"
99a83b2649a2cfcb,6ebXffTl4do,@Ledome816,2026-06-22T02:06:17Z,3,0:28 all these polls show is how uneducated Americans are about Iran. Not to mention everyone who has to disagree with anything Trump related,LABEL_0,0.8351997137069702,Anti,"[{""text"": ""Americans"", ""label"": ""NORP""}, {""text"": ""Iran"", ""label"": ""GPE""}, {""text"": ""Trump"", ""label"": ""ORG""}]","[""mention"", ""about iran"", ""who has"", ""disagree with"", ""disagree""]",9,"the, to, trump, is, iran"
e8d1cc11ada6f9f2,6ebXffTl4do,@salahbahi-t8g,2026-06-22T10:35:21Z,3,I wonder… how long will the American people and their legal institutions wait before they bring down this insane idiot president and his gang of criminals around him?,LABEL_0,0.9509005546569824,Anti,"[{""text"": ""American"", ""label"": ""NORP""}]","[""wonder"", ""before they"", ""around"", ""will the"", ""insane""]",7,"and, not, he, the, they"
08c22cb8922fdc36,6ebXffTl4do,@BobSertic-nd9te,2026-06-22T02:15:48Z,3,Dumbest President Ever. Dumbest Felon Too!,LABEL_0,0.9670118093490601,Anti,"[{""text"": ""Dumbest"", ""label"": ""PERSON""}, {""text"": ""Dumbest Felon"", ""label"": ""PERSON""}]","[""felon"", ""president ever"", ""too"", ""ever"", ""president""]",2,"the, to, you, of, iran"
877eabab1b2d89ab,6ebXffTl4do,@zmanzoran,2026-06-22T03:55:52Z,3,"As a lifelong republican and a supporter of tump promises, I am so sick of his non stop trash. I’m at the point I wish they would just impeach and remove him. If Vance can’t do it right, then get Rubio in there. Trump may actually be getting dementia or something, he just has no ability to control himself. If he is going to do something then stfu and do it. I can’t stand his voice anymore",LABEL_0,0.9543731808662415,Anti,"[{""text"": ""republican"", ""label"": ""NORP""}, {""text"": ""tump"", ""label"": ""ORG""}, {""text"": ""Vance"", ""label"": ""PERSON""}, {""text"": ""Rubio"", ""label"": ""PERSON""}, {""text"": ""Trump"", ""label"": ""PERSON""}]","[""do"", ""something"", ""do it"", ""then"", ""if""]",3,"the, to, he, trump, and"
48c5aa1be03509d5,6ebXffTl4do,@RestoreJustice675,2026-06-22T02:24:19Z,3,Trump is all talk no action.,LABEL_0,0.7327360510826111,Anti,"[{""text"": ""Trump"", ""label"": ""ORG""}]","[""action"", ""is all"", ""no action"", ""talk"", ""trump is""]",7,"and, not, he, the, they"
d1e18fec7192b895,6ebXffTl4do,@spencer1980,2026-06-22T07:19:34Z,3,Trump should not be the president anymore,LABEL_0,0.9275686144828796,Anti,"[{""text"": ""Trump"", ""label"": ""ORG""}]","[""should not"", ""not be"", ""the president"", ""trump should"", ""anymore""]",9,"the, to, trump, is, iran"
6dea761b866f03e6,6ebXffTl4do,@SJGSJG-y8v,2026-06-22T03:33:46Z,3,He threatened to dump tons of tacos out of a C5,LABEL_0,0.7936193943023682,Anti,"[{""text"": ""C5"", ""label"": ""CARDINAL""}]","[""tacos"", ""threatened to"", ""threatened"", ""out of"", ""of""]",2,"the, to, you, of, iran"
233346383c95b212,6ebXffTl4do,@brandenbrooks5525,2026-06-22T02:01:35Z,3,Trump stay punching the air about this junk.,LABEL_0,0.5208001136779785,Anti,[],"[""junk"", ""the air"", ""stay"", ""about this"", ""air""]",3,"the, to, he, trump, and"
10343b5f8a2945ac,6ebXffTl4do,@Dave-sq9xz,2026-06-22T01:53:03Z,3,Iran kept their end of the fake deal. Talk to trump and netanyahu. 😅😂😂,LABEL_1,0.5764333605766296,Neutral,"[{""text"": ""Iran"", ""label"": ""GPE""}, {""text"": ""netanyahu"", ""label"": ""PERSON""}]","[""talk to"", ""talk"", ""netanyahu"", ""trump and"", ""end""]",-1,
9a39a2bf4d11a265,6ebXffTl4do,@excallibur4574,2026-06-22T04:56:31Z,3,Donald Trump has single-handedly destroyed his legacy.,LABEL_0,0.9586820602416992,Anti,"[{""text"": ""Donald Trump"", ""label"": ""PERSON""}]","[""legacy"", ""destroyed"", ""trump has"", ""donald trump"", ""donald""]",7,"and, not, he, the, they"
9991db2015342336,6ebXffTl4do,@WonderfulLava-sy9gc,2026-06-22T02:36:54Z,3,What the hell is going with this guy he's killing people for what?,LABEL_0,0.9728230237960815,Anti,[],"[""what"", ""hell is"", ""for what"", ""killing"", ""this guy""]",3,"the, to, he, trump, and"
02e4be6ec9e8d136,6ebXffTl4do,@stevebickle5944,2026-06-22T01:50:58Z,3,cbs sucks,LABEL_0,0.9556194543838501,Anti,"[{""text"": ""cbs"", ""label"": ""ORG""}]","[""cbs sucks"", ""sucks"", ""cbs""]",4,"cbs, news, is, fake, the"
1a1bd03e9330b2c9,6ebXffTl4do,@DarrelPike,2026-06-22T01:37:23Z,3,People don't seem to understand. Think about it the crazyist people on earth with nukes,LABEL_0,0.9467530846595764,Anti,[],"[""people"", ""to understand"", ""people don"", ""about it"", ""earth""]",2,"the, to, you, of, iran"
683d45d584c506b8,6ebXffTl4do,@Patrick-yh5yd,2026-06-22T01:50:49Z,3,Trump is aging fast. Look at him. Orange makeup only goes so far.,LABEL_0,0.766426682472229,Anti,"[{""text"": ""Trump"", ""label"": ""ORG""}]","[""so far"", ""goes"", ""orange"", ""far"", ""look""]",3,"the, to, he, trump, and"
fb05473e32120964,6ebXffTl4do,@anthonysacco9315,2026-06-22T01:38:19Z,3,"trump, the boy who cried wolf! He's such a LOSER!",LABEL_0,0.9718880653381348,Anti,"[{""text"": ""wolf"", ""label"": ""PERSON""}, {""text"": ""LOSER"", ""label"": ""ORG""}]","[""boy"", ""wolf"", ""loser"", ""such"", ""who""]",7,"and, not, he, the, they"
c776fcd088d227b0,6ebXffTl4do,@rogercunningham5920,2026-06-22T02:58:28Z,3,Never was a deal.,LABEL_1,0.5645903944969177,Neutral,[],"[""never was"", ""never"", ""was"", ""deal""]",-1,
2d2cb099639cdec1,6ebXffTl4do,@paul9156c,2026-06-22T03:19:39Z,3,Trump is an idiot.,LABEL_0,0.9730956554412842,Anti,"[{""text"": ""Trump"", ""label"": ""ORG""}]","[""an idiot"", ""is an"", ""idiot"", ""an"", ""trump is""]",9,"the, to, trump, is, iran"
051fac7d53a49cfb,6ebXffTl4do,@Jerry-z4t,2026-06-22T03:03:31Z,3,Tacos back on the menu.,LABEL_1,0.7266068458557129,Neutral,"[{""text"": ""Tacos"", ""label"": ""ORG""}]","[""tacos"", ""on the"", ""back"", ""on"", ""the""]",-1,
b9d00ffca788d28e,6ebXffTl4do,@user-q4w9b,2026-06-22T01:22:33Z,3,The most incompetent administration in US history,LABEL_0,0.9635436534881592,Anti,"[{""text"": ""US"", ""label"": ""GPE""}]","[""incompetent"", ""the most"", ""administration"", ""history"", ""most""]",8,"the, is, and, to, of"
835a54e8b67ecfe4,6ebXffTl4do,@YackoTube,2026-06-22T03:10:38Z,2,We have a deal-BOMB-we signed a-BREAKS IT-we signed the best-MISSILES-we have opened the-CLOSED AGAIN-they said i couldn't do-DIDNT DO IT if you don't hear the clown music yet you're part of the problem,LABEL_0,0.5248783230781555,Anti,[],"[""we"", ""we have"", ""signed"", ""do"", ""have""]",2,"the, to, you, of, iran"
0fe24514a670f496,6ebXffTl4do,@Jquintan3,2026-06-22T02:18:25Z,2,"The FIRST Point in Trumps Memorandum of Understanding between Iran and the US: Refrain from making Threats or using Force against each other. And, what does Trump immediately do? Threatening the Iran Negotiators with their lives… Can’t make this Sh*T up!",LABEL_0,0.8525773882865906,Anti,"[{""text"": ""The FIRST Point"", ""label"": ""ORG""}, {""text"": ""Iran"", ""label"": ""GPE""}, {""text"": ""US"", ""label"": ""GPE""}, {""text"": ""Force"", ""label"": ""ORG""}, {""text"": ""Trump"", ""label"": ""PERSON""}, {""text"": ""the Iran Negotiators"", ""label"": ""ORG""}]","[""immediately"", ""what does"", ""with their"", ""negotiators"", ""between iran""]",8,"the, is, and, to, of"
50f99b8faea315e8,6ebXffTl4do,@patricklondon962,2026-06-22T02:21:12Z,2,All wars are International Bankers wars. The UNIPARTY politicians will do anything for money and power.,LABEL_0,0.6806894540786743,Anti,"[{""text"": ""International Bankers"", ""label"": ""ORG""}, {""text"": ""UNIPARTY"", ""label"": ""ORG""}]","[""wars"", ""international"", ""politicians"", ""power"", ""anything""]",5,"the, and, of, is, to"
80add87ee55a6559,6ebXffTl4do,@tommylucero2931,2026-06-22T03:05:00Z,2,"Hahaha hahaha hahaha He has nowhere power over the military Congress to back power,, and war crimes charges are coming for trump and his little traitors and the trump family",LABEL_0,0.8840333819389343,Anti,"[{""text"": ""Hahaha"", ""label"": ""GPE""}, {""text"": ""Congress"", ""label"": ""ORG""}]","[""hahaha"", ""power"", ""and"", ""coming"", ""charges""]",0,"he, trump, the, but, and"
bba58af141062a0a,6ebXffTl4do,@csd1904,2026-06-22T06:13:19Z,2,"The US-IRAN war can stop if Israel leave south Lebanon captured area & Iran may agree to stop war/aggression from Hizbullah side under the aegis of UNSC. This will open Harmonze also in the interest of all. It is upto the America/Israel to decide the unfinished agenda to bring peace in the regions. However, VP JD Vance is going very positive for peace deal. God bless you.",LABEL_2,0.5932053923606873,Pro,"[{""text"": ""US"", ""label"": ""GPE""}, {""text"": ""Israel"", ""label"": ""GPE""}, {""text"": ""Lebanon"", ""label"": ""GPE""}, {""text"": ""& Iran"", ""label"": ""GPE""}, {""text"": ""Hizbullah"", ""label"": ""ORG""}, {""text"": ""UNSC"", ""label"": ""ORG""}, {""text"": ""Harmonze"", ""label"": ""PERSON""}, {""text"": ""America"", ""label"": ""GPE""}, {""text"": ""Israel"", ""label"": ""GPE""}, {""text"": ""VP JD Vance"", ""label"": ""PERSON""}]","[""the"", ""in the"", ""stop"", ""peace"", ""israel""]",0,"the, to, is, it, war"
ffaa01d3bd2a5122,6ebXffTl4do,@stephaniejames6672,2026-06-22T02:16:22Z,2,"Oh. Did Putin decide that the US hasn’t been degraded enough? He gets his client to do further damage to us? I’m surprised Donald Trump hasn’t declared war against Europe - or has he? He kinda has, though. Whatever destroys the US and our security is what he’ll do. That’s all he wants - to do Putin’s business. And to pocket our treasury, while he’s at it. Must be the Russian JE files… Or maybe he just has a loyalty problem.",LABEL_0,0.7963017225265503,Anti,"[{""text"": ""Putin"", ""label"": ""PERSON""}, {""text"": ""US"", ""label"": ""GPE""}, {""text"": ""Donald Trump"", ""label"": ""PERSON""}, {""text"": ""Europe"", ""label"": ""LOC""}, {""text"": ""US"", ""label"": ""GPE""}, {""text"": ""Putin"", ""label"": ""PERSON""}, {""text"": ""Russian"", ""label"": ""NORP""}]","[""he"", ""do"", ""putin"", ""hasn"", ""us""]",3,"the, to, he, trump, and"
8f3a4d1227dd9f5f,6ebXffTl4do,@stinsoncal8393,2026-06-22T03:27:43Z,2,An exhausted powerless leader with pseudo threats! Remove the convicted felon!,LABEL_0,0.9048504829406738,Anti,[],"[""exhausted"", ""convicted"", ""felon"", ""leader"", ""remove""]",3,"the, to, he, trump, and"
8f389b0ec300c202,6ebXffTl4do,@ChrisM-zm4li,2026-06-22T02:49:18Z,2,The clown car rolls on.,LABEL_0,0.6332947611808777,Anti,[],"[""rolls"", ""the clown"", ""clown"", ""on"", ""the""]",2,"the, to, you, of, iran"
0eb3075f61d46f9f,6ebXffTl4do,@carolynwalter8398,2026-06-22T02:25:20Z,2,Threats threats hot air.get it done,LABEL_0,0.6964943408966064,Anti,[],"[""threats"", ""it done"", ""get it"", ""air"", ""done""]",8,"the, is, and, to, of"
a1520739815183d4,6ebXffTl4do,@evereadyc9916,2026-06-22T02:43:54Z,2,That’s because Israel doesn’t want a cease-fire and America is fighting this war for Israel. Oh no I don’t wanna get canceled Arrested,LABEL_0,0.8897339105606079,Anti,"[{""text"": ""Israel"", ""label"": ""GPE""}, {""text"": ""America"", ""label"": ""GPE""}, {""text"": ""Israel"", ""label"": ""GPE""}]","[""israel"", ""wanna"", ""and america"", ""war for"", ""fighting""]",5,"the, and, of, is, to"
55f25512caeaeeb0,6ebXffTl4do,@guesswho111,2026-06-22T05:17:07Z,2,America needs to get this guy gone,LABEL_0,0.9092792272567749,Anti,"[{""text"": ""America"", ""label"": ""GPE""}]","[""gone"", ""get this"", ""this guy"", ""guy"", ""to get""]",2,"the, to, you, of, iran"
532d7d805c788495,6ebXffTl4do,@markm3346,2026-06-22T02:30:27Z,2,That's your 2026 FIFA Peace Prize winner!🙄,LABEL_1,0.5221079587936401,Neutral,"[{""text"": ""2026"", ""label"": ""DATE""}]","[""winner"", ""fifa"", ""prize"", ""peace prize"", ""fifa peace""]",-1,
39300592f631f17e,6ebXffTl4do,@RobertL-ct9np,2026-06-22T02:30:42Z,2,Trump got overconfident after he took out Maduro.,LABEL_0,0.5993630886077881,Anti,"[{""text"": ""Maduro"", ""label"": ""ORG""}]","[""took"", ""after"", ""got"", ""out"", ""he""]",8,"the, is, and, to, of"
b83ff0551cf30d62,6ebXffTl4do,@sharonrosepoet1111,2026-06-22T02:53:01Z,2,Trump's threats and vulgarity are sickening. He and Israel seem to want to completely destroy Iran so they can freely continue their crimes of ethnic cleansing and land thefts in Gaza and West Bank and Lebanon.etc. Then there is the oil and Uranium Trumps appears to want to steal from Iran too. Its all just too wrong.,LABEL_0,0.9607762098312378,Anti,"[{""text"": ""Trump"", ""label"": ""ORG""}, {""text"": ""Israel"", ""label"": ""GPE""}, {""text"": ""Iran"", ""label"": ""GPE""}, {""text"": ""Gaza"", ""label"": ""GPE""}, {""text"": ""West Bank"", ""label"": ""GPE""}, {""text"": ""Lebanon.etc"", ""label"": ""ORG""}, {""text"": ""Uranium Trumps"", ""label"": ""PERSON""}, {""text"": ""Iran"", ""label"": ""GPE""}]","[""and"", ""want to"", ""too"", ""want"", ""to""]",8,"the, is, and, to, of"
6ed8f1b0dde5b147,6ebXffTl4do,@margotvanbeem6529,2026-06-22T03:59:53Z,2,Bad politics 😢,LABEL_0,0.9376679062843323,Anti,[],"[""bad""]",3,"the, to, he, trump, and"
ca049d277d23a1da,6ebXffTl4do,@HerbalAnnie,2026-06-22T01:50:37Z,2,No wonder I watch alternative media. This was a boring report .,LABEL_0,0.8078123927116394,Anti,[],"[""this was"", ""wonder"", ""report"", ""watch"", ""media""]",3,"the, to, he, trump, and"
e5ba2f2f856bd504,6ebXffTl4do,@BPLadyFury,2026-06-22T02:07:04Z,2,"Can Trump just stop threatening to go back into fighting Iran? He signed a ceasefire and needs to honor it. Otherwise, he might as well have set it on fire.",LABEL_0,0.6969268918037415,Anti,"[{""text"": ""Iran"", ""label"": ""GPE""}]","[""to honor"", ""he might"", ""threatening to"", ""otherwise"", ""might""]",9,"the, to, trump, is, iran"
d947650eb5098c69,6ebXffTl4do,@Bigwave2003,2026-06-22T01:45:12Z,2,But President Trump already said he won this war twice and negotiated the best peace deal ever twice.,LABEL_1,0.4664458632469177,Neutral,"[{""text"": ""Trump"", ""label"": ""PERSON""}]","[""twice"", ""he won"", ""won this"", ""the best"", ""peace deal""]",-1,
91895d3d6ed552dc,6ebXffTl4do,@PokerMon480,2026-06-22T01:50:58Z,2,"Trump will use a war, probably with Iran, to justify another 4 year term. He wants to be president for life…in other words, a king.",LABEL_0,0.5504785776138306,Anti,"[{""text"": ""Trump"", ""label"": ""ORG""}, {""text"": ""Iran"", ""label"": ""GPE""}, {""text"": ""another 4 year"", ""label"": ""DATE""}]","[""iran to"", ""justify"", ""will use"", ""be president"", ""to justify""]",9,"the, to, trump, is, iran"
a3acc9a11c4dfdf2,6ebXffTl4do,@joels3659,2026-06-22T12:20:10Z,2,Lmfao. Circus Clown 🤡 Trump.,LABEL_0,0.9331820011138916,Anti,[],"[""circus"", ""clown trump"", ""clown"", ""trump""]",3,"the, to, he, trump, and"
2d9f684097b581ea,6ebXffTl4do,@jp-qn4je,2026-06-22T01:58:32Z,2,$3.19 in Tennessee,LABEL_1,0.8571025729179382,Neutral,"[{""text"": ""3.19"", ""label"": ""MONEY""}, {""text"": ""Tennessee"", ""label"": ""GPE""}]","[""in""]",-1,
97e8b6103516c3b2,6ebXffTl4do,@kevinmyrick6736,2026-06-22T01:23:03Z,2,"Oh my hell Trump just shut the hell up, you’re so full of crap and you have lost all credibility with the world leaders.",LABEL_0,0.970115065574646,Anti,"[{""text"": ""Trump"", ""label"": ""ORG""}]","[""hell"", ""you"", ""full"", ""oh my"", ""just shut""]",2,"the, to, you, of, iran"
9846ef1a4705fd87,6ebXffTl4do,@igneous72,2026-06-22T01:22:37Z,2,Fake news fake poles,LABEL_0,0.8561563491821289,Anti,[],"[""fake"", ""poles"", ""fake news"", ""news""]",4,"cbs, news, is, fake, the"
36d66c92bb551cf3,6ebXffTl4do,@user-uc7ks2zm6t,2026-06-22T17:46:14Z,2,Let’s impeach him; I think it will really work this time.,LABEL_2,0.5817667841911316,Pro,[],"[""it will"", ""this time"", ""think it"", ""impeach"", ""work""]",4,"the, is, of, this, he"
550feaaec23ddd5e,6ebXffTl4do,@HughCunningham-w7k,2026-06-22T01:17:57Z,2,So tried of trumps threats to blow up Iran. Obama Deal was already in place to conduct audits but trump refused only to put his name on “the Deal”,LABEL_0,0.700898289680481,Anti,"[{""text"": ""Iran"", ""label"": ""GPE""}, {""text"": ""Obama Deal"", ""label"": ""PERSON""}]","[""deal"", ""to"", ""but trump"", ""name"", ""blow""]",3,"the, to, he, trump, and"
df99fd5042893a25,6ebXffTl4do,@viharchampa8829,2026-06-22T02:03:44Z,2,handler Set vp up for failure 🤨,LABEL_0,0.7781286835670471,Anti,[],"[""vp"", ""set"", ""failure"", ""up"", ""for""]",3,"the, to, he, trump, and"
cdf76bbd48995bc1,6ebXffTl4do,@JS-oy6nn,2026-06-22T01:46:53Z,2,"Winning 🏆 😂🤣 trump is so far out of his league it’s pathetic, wrecking the WORLD economy with his infinite stupidity is quite impressive.",LABEL_0,0.8302104473114014,Anti,[],"[""his"", ""stupidity"", ""so far"", ""pathetic"", ""economy""]",8,"the, is, and, to, of"
006694c4af4d7eab,6ebXffTl4do,@michaelwilson2340,2026-06-22T09:53:35Z,2,Trump has no filter at this point. Another sign of dementia.,LABEL_0,0.9477120637893677,Anti,"[{""text"": ""Trump"", ""label"": ""ORG""}]","[""dementia"", ""this point"", ""at this"", ""has no"", ""trump has""]",3,"the, to, he, trump, and"
d136a6fbb65ff8eb,6ebXffTl4do,@raymond-qz6ld,2026-06-22T02:15:40Z,2,Liberal stations tryin stretch so hard as always.,LABEL_0,0.810171902179718,Anti,[],"[""liberal"", ""hard"", ""always"", ""as"", ""so""]",6,"they, this, would, long, and"
69fe65dfdbce2c83,6ebXffTl4do,@user-fs5wp2dy6x,2026-06-22T02:15:32Z,2,But the Iran war solved a problem for Trump in deflecting attention away from the Epstein files.,LABEL_1,0.5318616032600403,Neutral,"[{""text"": ""Iran"", ""label"": ""GPE""}, {""text"": ""Trump"", ""label"": ""ORG""}, {""text"": ""Epstein"", ""label"": ""PERSON""}]","[""attention"", ""but the"", ""deflecting"", ""away from"", ""iran war""]",-1,
abf0b432fa2d3690,6ebXffTl4do,@josetorrejon3485,2026-06-22T02:10:49Z,2,I never ever believe anything Trump says. What a weak spineless individual.,LABEL_0,0.9733539819717407,Anti,"[{""text"": ""Trump"", ""label"": ""ORG""}]","[""says"", ""anything trump"", ""weak"", ""anything"", ""believe""]",5,"the, and, of, is, to"
f8f3d975519b2fe7,6ebXffTl4do,@MisterWhatWhat,2026-06-22T03:02:12Z,1,"Congratulations, Iran. You won the war!",LABEL_2,0.8498706817626953,Pro,"[{""text"": ""Iran"", ""label"": ""GPE""}]","[""won the"", ""iran you"", ""the war"", ""won"", ""war""]",9,"the, iran, of, and, he"
293acce73901fd8a,6ebXffTl4do,@JerryBarclaw,2026-06-22T01:46:17Z,1,Bibis puppet,LABEL_0,0.5126251578330994,Anti,[],"[""puppet""]",6,"they, this, would, long, and"
88a777ba102a5d7a,6ebXffTl4do,@ChrisM-zm4li,2026-06-22T02:50:55Z,1,The same people are in charge of the reflecting pool.,LABEL_1,0.5260208249092102,Neutral,[],"[""are in"", ""same people"", ""reflecting"", ""reflecting pool"", ""the reflecting""]",-1,
16e65e52ebd54133,6ebXffTl4do,@Hawlkeye-e9p,2026-06-22T01:16:44Z,1,"WRONG, TRUMP DIDNT GO FAR ENOUGH now is the time to end them irgc has to be removed from the face of the planet.",LABEL_0,0.9536830186843872,Anti,"[{""text"": ""TRUMP DIDNT GO FAR ENOUGH"", ""label"": ""ORG""}]","[""the time"", ""didnt"", ""the face"", ""face of"", ""time to""]",2,"the, to, you, of, iran"
f57325b521aa5e66,6ebXffTl4do,@allanwright3154,2026-06-22T02:52:21Z,1,You people are such a pitiful excuse for a news outlet.,LABEL_0,0.977652907371521,Anti,[],"[""for news"", ""people are"", ""such"", ""people"", ""news""]",2,"the, to, you, of, iran"
68f2f37103f8f7db,6ebXffTl4do,@FBAagent,2026-06-22T01:35:44Z,1,31 % boomers still in the country,LABEL_1,0.7444970607757568,Neutral,"[{""text"": ""31 %"", ""label"": ""PERCENT""}]","[""the country"", ""country"", ""still"", ""in the"", ""in""]",-1,
bb220567ed909037,6ebXffTl4do,@mrmagaou812,2026-06-22T01:26:49Z,1,Trump doesn't threaten,LABEL_1,0.69227135181427,Neutral,"[{""text"": ""Trump"", ""label"": ""ORG""}]","[""trump doesn"", ""threaten"", ""doesn"", ""trump""]",-1,
9abbabb25c544bf8,6ebXffTl4do,@Big.Meech22,2026-06-22T02:59:13Z,1,"I’m glad Cory booker agrees Iran is the enemy, I don’t believe he thought that initially",LABEL_1,0.5091672539710999,Neutral,"[{""text"": ""Cory"", ""label"": ""NORP""}, {""text"": ""Iran"", ""label"": ""GPE""}]","[""cory booker"", ""the enemy"", ""enemy"", ""cory"", ""thought""]",-1,
12f9d06515266536,6ebXffTl4do,@jimmyjoebobsue4435,2026-06-22T03:38:38Z,1,"Congress enables this man, who unfortunately holds the title as our President to conduct himself like an EMPEROR.",LABEL_0,0.6333461403846741,Anti,"[{""text"": ""Congress"", ""label"": ""ORG""}]","[""holds the"", ""our president"", ""as our"", ""to conduct"", ""holds""]",9,"the, to, trump, is, iran"
66d6a7743592ae56,6ebXffTl4do,@asherbendavid4227,2026-06-22T01:25:53Z,1,CBS is it fake news?,LABEL_0,0.6365132927894592,Anti,"[{""text"": ""CBS"", ""label"": ""ORG""}]","[""is it"", ""cbs is"", ""fake news"", ""fake"", ""news""]",4,"cbs, news, is, fake, the"
9151d5d877c30300,6ebXffTl4do,@megacancer3426,2026-06-22T01:16:48Z,1,Warp speed jabs and AI data centers. Trump promises new attacks on the American people.,LABEL_0,0.8864201903343201,Anti,"[{""text"": ""AI"", ""label"": ""ORG""}, {""text"": ""Trump"", ""label"": ""ORG""}, {""text"": ""American"", ""label"": ""NORP""}]","[""jabs"", ""jabs and"", ""american people"", ""the american"", ""promises""]",5,"the, and, of, is, to"
7c3c4409f4564f6e,6ebXffTl4do,@parcher2535,2026-06-22T01:25:06Z,1,Come on Iran take Trump out,LABEL_0,0.5624238848686218,Anti,"[{""text"": ""Iran"", ""label"": ""GPE""}, {""text"": ""Trump"", ""label"": ""PERSON""}]","[""come on"", ""iran take"", ""on iran"", ""come"", ""take""]",9,"the, to, trump, is, iran"
4c0efafe4794371f,6ebXffTl4do,@KingJamie2229,2026-06-22T03:47:46Z,1,"This is how you know. Donald Trump is not running America! Israel breaks the peace deal, and Trump threatens Iran? For what? Supposedly we don't even get our oil from Iran! 🤦",LABEL_0,0.9300183057785034,Anti,"[{""text"": ""Donald Trump"", ""label"": ""PERSON""}, {""text"": ""America"", ""label"": ""GPE""}, {""text"": ""Israel"", ""label"": ""GPE""}, {""text"": ""Trump"", ""label"": ""ORG""}, {""text"": ""Iran"", ""label"": ""GPE""}, {""text"": ""Iran"", ""label"": ""GPE""}]","[""breaks"", ""even get"", ""for what"", ""you know"", ""we don""]",9,"the, to, trump, is, iran"
fe76e643b43d4ec8,6ebXffTl4do,@XPLIXITMAAN,2026-06-22T03:13:09Z,1,What about the epstein infestations and arrests of the people who committed the Epstein crimes,LABEL_0,0.567142128944397,Anti,"[{""text"": ""Epstein"", ""label"": ""PERSON""}]","[""the epstein"", ""epstein"", ""arrests"", ""people who"", ""about the""]",5,"the, and, of, is, to"
052cea5b4bf83b59,6ebXffTl4do,@dominickcataudella5205,2026-06-22T02:48:33Z,1,Trump is owned by Israel so he's going to do whatever they want,LABEL_0,0.5549322366714478,Anti,"[{""text"": ""Trump"", ""label"": ""ORG""}, {""text"": ""Israel"", ""label"": ""GPE""}]","[""owned"", ""owned by"", ""whatever"", ""they want"", ""to do""]",8,"the, is, and, to, of"
01922cdecba9163f,6ebXffTl4do,@sasquatchencounter2021,2026-06-22T03:15:28Z,1,Great job Commander in Clown.,LABEL_2,0.6392227411270142,Pro,"[{""text"": ""Clown"", ""label"": ""GPE""}]","[""great job"", ""great"", ""clown"", ""job"", ""in""]",4,"the, is, of, this, he"
895201513d65e5ba,6ebXffTl4do,@thewatchmen4920,2026-06-22T01:20:32Z,1,What's next Greenland or Mexico 🤔,LABEL_1,0.8990875482559204,Neutral,"[{""text"": ""Greenland"", ""label"": ""GPE""}, {""text"": ""Mexico \ud83e\udd14"", ""label"": ""PERSON""}]","[""mexico"", ""next"", ""or"", ""what""]",-1,
3f6514c70647b30b,6ebXffTl4do,@systemBuilder,2026-06-22T03:44:23Z,1,"Trump LOST The Red Sea war on May 8, 2025, ""The Houthis promised not to shoot at us as our Navy ESCAPES from the Red Sea!"". Now he's working on LOSING A SECOND WAR.",LABEL_0,0.8753107786178589,Anti,"[{""text"": ""Trump LOST"", ""label"": ""PERSON""}, {""text"": ""The Red Sea"", ""label"": ""LOC""}, {""text"": ""May 8, 2025"", ""label"": ""DATE""}, {""text"": ""Houthis"", ""label"": ""PERSON""}, {""text"": ""Navy"", ""label"": ""ORG""}, {""text"": ""the Red Sea"", ""label"": ""LOC""}]","[""on"", ""war"", ""as our"", ""navy"", ""promised""]",0,"he, trump, the, but, and"
9aa72deb3a0d1579,6ebXffTl4do,@magasAreTraitors,2026-06-22T01:17:13Z,1,Trump thinks that other countries don’t have self respect.,LABEL_0,0.7738999724388123,Anti,[],"[""thinks"", ""self"", ""respect"", ""other countries"", ""countries""]",9,"the, to, trump, is, iran"
d410e7869bef26eb,6ebXffTl4do,@cadakun6498,2026-06-22T03:54:34Z,1,Coz he's just wakes up on his seat then talk . He never think that thinking is important before talking. 😂😂,LABEL_0,0.565605640411377,Anti,[],"[""is important"", ""think that"", ""thinking"", ""up on"", ""talking""]",4,"cbs, news, is, fake, the"
8136c055168bfbcc,6ebXffTl4do,@ghouls_n_ghost,2026-06-22T02:16:28Z,1,"He looks so tired. He just wants to sleep and play golf but he's trapped. Get trucked, DJT.",LABEL_0,0.7226574420928955,Anti,"[{""text"": ""DJT"", ""label"": ""ORG""}]","[""he"", ""but he"", ""looks so"", ""djt"", ""trapped""]",0,"he, trump, the, but, and"
38e9ab50815405e7,6ebXffTl4do,@berkeleyharbin1787,2026-06-22T02:46:27Z,1,Is Trump's face rotting off?,LABEL_0,0.7977137565612793,Anti,"[{""text"": ""Trump"", ""label"": ""PERSON""}]","[""is trump"", ""face"", ""off"", ""trump"", ""is""]",9,"the, to, trump, is, iran"
73685d59b9d15a55,6ebXffTl4do,@lindaw140,2026-06-22T02:03:39Z,1,cares about CBS “news” ? Disrespectful to the President and only cares about their own power /positions,LABEL_0,0.8659651875495911,Anti,"[{""text"": ""CBS"", ""label"": ""ORG""}]","[""about"", ""president and"", ""cbs news"", ""the president"", ""their own""]",9,"the, to, trump, is, iran"
a78e20f9ff702c86,6ebXffTl4do,@anthonymagee5725,2026-06-22T02:13:07Z,1,Trump looks drained out in that thumbnail!,LABEL_0,0.8313246965408325,Anti,[],"[""thumbnail"", ""in that"", ""trump looks"", ""looks"", ""out""]",5,"the, and, of, is, to"
831290262ca508ce,6ebXffTl4do,@jamesgraves32,2026-06-22T02:12:02Z,1,"Paint the aircraft carriers pink and rent them out as a party barge. We aren’t using them, why not?",LABEL_0,0.4815802574157715,Anti,[],"[""them"", ""using"", ""why"", ""as"", ""out""]",5,"the, and, of, is, to"
839dae2575022e35,6ebXffTl4do,@patMalley-k1c,2026-06-22T02:07:19Z,1,"Media headline: FATAL SETBACK re Chicago Mayor. Americans want to see headline: Chicago Mahor replaced by American citizen Republian. He supports ICE, he supports police, he sports democracy",LABEL_1,0.5895373821258545,Neutral,"[{""text"": ""Chicago"", ""label"": ""GPE""}, {""text"": ""Americans"", ""label"": ""NORP""}, {""text"": ""Chicago Mahor"", ""label"": ""ORG""}, {""text"": ""American"", ""label"": ""NORP""}, {""text"": ""Republian"", ""label"": ""NORP""}]","[""chicago"", ""supports"", ""he"", ""fatal"", ""ice""]",-1,
f70dc130ea06caa3,6ebXffTl4do,@MadMax-nl8hg,2026-06-22T02:22:08Z,1,"Ive never experienced such a feeling of disregard or dissasociation like i have this year. if i keep updated i get depressed and feel dread. if i stop caring im blind to issues. im tired, im just tired",LABEL_0,0.9601345062255859,Anti,"[{""text"": ""this year"", ""label"": ""DATE""}]","[""im"", ""tired"", ""if"", ""blind"", ""issues""]",2,"the, to, you, of, iran"
ee2db39137a02cef,6ebXffTl4do,@JimmieHamilton-d1d,2026-06-22T02:06:35Z,1,UNCONDITIONAL SURRENDER 😅😅😅😅,LABEL_1,0.5282083749771118,Neutral,[],[],-1,
30938122c09d5a49,6ebXffTl4do,@KeithBlanchard-d5l,2026-06-22T04:09:29Z,1,It’s the Iranian version of Groundhog Day. The sh!Ty pants addition 😊😅😅😅😢😂,LABEL_0,0.4623201787471771,Anti,"[{""text"": ""Iranian"", ""label"": ""NORP""}, {""text"": ""Groundhog Day"", ""label"": ""EVENT""}]","[""pants"", ""groundhog day"", ""groundhog"", ""version"", ""version of""]",5,"the, and, of, is, to"
3eb62287cd91c005,6ebXffTl4do,@drkarim-kq9md,2026-06-22T02:25:24Z,1,Iran walked out there was no talks.,LABEL_1,0.5880755186080933,Neutral,"[{""text"": ""Iran"", ""label"": ""GPE""}]","[""there was"", ""out there"", ""talks"", ""there"", ""was""]",-1,
10fcf48911828529,6ebXffTl4do,@stevem-h5e,2026-06-22T02:25:29Z,1,"Meanwhile, rural hospitals are closing, people can't afford health care and housing, grocery prices are still rising, the homeless population is growing, farmers and small businesses are going bankrupt, etc., etc., etc.",LABEL_0,0.9255530834197998,Anti,[],"[""etc"", ""are"", ""health"", ""bankrupt"", ""afford""]",7,"and, not, he, the, they"
98b21d5256ba56d1,6ebXffTl4do,@deanhotter8057,2026-06-22T02:26:04Z,1,Why show Booker? 😂😂😂😂😂😂 His words are empty,LABEL_0,0.9113827347755432,Anti,"[{""text"": ""Booker"", ""label"": ""PERSON""}]","[""words"", ""show"", ""booker"", ""why"", ""his""]",4,"cbs, news, is, fake, the"
a5d9bd64b4082355,6ebXffTl4do,@garyweber83,2026-06-22T02:03:53Z,1,"Sadly, most people are ignorant and they have no clue why something needed to be done with Iran.",LABEL_0,0.9546577334403992,Anti,"[{""text"": ""Iran"", ""label"": ""GPE""}]","[""be done"", ""done with"", ""most people"", ""have no"", ""they have""]",7,"and, not, he, the, they"
7a2e0c8289397454,6ebXffTl4do,@lindacarpenter9271,2026-06-22T02:27:50Z,1,Release the Epstein files. Turn Netanyahu over for his war crimes. Also anyone in a position of power that supports and/or aids Netanyahu in his crimes needs to face charges.,LABEL_0,0.8412017822265625,Anti,"[{""text"": ""Turn Netanyahu"", ""label"": ""PERSON""}, {""text"": ""Netanyahu"", ""label"": ""PERSON""}]","[""netanyahu"", ""crimes"", ""his"", ""in his"", ""supports""]",1,"of, so, the, and, his"
ce780592b65d7249,6ebXffTl4do,@matterdoo,2026-06-22T02:02:32Z,1,My neck hurts from this clowns whiplash.,LABEL_0,0.9789133667945862,Anti,[],"[""neck"", ""clowns"", ""my"", ""from"", ""this""]",3,"the, to, he, trump, and"
6228e5e7f08a6bf3,6ebXffTl4do,@RJZ458,2026-06-22T02:46:06Z,1,Yea right. I won’t believe it until see it.,LABEL_1,0.4414382576942444,Neutral,[],"[""it"", ""until"", ""right"", ""believe"", ""see""]",-1,
7e88b2e1648a6ffd,6ebXffTl4do,@MrBrownEMBA,2026-06-22T02:33:33Z,1,"The public facade is slipping, and the behavior is becoming more disinhibited — less filtered, less restrained. If this continues, it’s only a matter of time before it shows up on live TV. And the world is watching.",LABEL_0,0.6324233412742615,Anti,[],"[""less"", ""and the"", ""is"", ""only matter"", ""it only""]",8,"the, is, and, to, of"
4d8462b25d9bccb5,6ebXffTl4do,@ZappaFan101,2026-06-22T02:01:08Z,1,"You better cut it out, or we will offer you $400 billion next time.",LABEL_1,0.4913126826286316,Neutral,"[{""text"": ""$400 billion"", ""label"": ""MONEY""}]","[""you"", ""offer"", ""we will"", ""billion"", ""next""]",-1,
3d7e192cace1c680,6ebXffTl4do,@timayscott8450,2026-06-22T02:36:25Z,1,The art of the sqeel😂,LABEL_1,0.6974911689758301,Neutral,[],"[""the art"", ""art of"", ""art"", ""of the"", ""the""]",-1,
17f5be3f65477a41,6ebXffTl4do,@katana258,2026-06-22T01:53:03Z,1,trump lost the war 3 months ago ..g.o.p. will lose the mid-terms ..americans vote for winners not coward losers ..,LABEL_0,0.778904914855957,Anti,"[{""text"": ""3 months ago"", ""label"": ""DATE""}, {""text"": ""americans"", ""label"": ""NORP""}]","[""months ago"", ""will lose"", ""months"", ""losers"", ""terms""]",8,"the, is, and, to, of"
317619dfe1a6f546,6ebXffTl4do,@SylviaSanchez-cl2eo,2026-06-22T02:38:42Z,1,"But, but, but I thought we had a deal.",LABEL_1,0.6753538846969604,Neutral,[],"[""but"", ""we had"", ""thought"", ""had"", ""deal""]",-1,
bb93af60a4afe324,6ebXffTl4do,@suzannezethner8180,2026-06-22T02:39:32Z,1,State Funeral 🙏 soon please 🙏,LABEL_1,0.49500906467437744,Neutral,"[{""text"": ""\ud83d\ude4f"", ""label"": ""ORG""}]","[""soon"", ""state"", ""please""]",-1,
34b41f7573dc0c51,6ebXffTl4do,@emcsquar3db,2026-06-22T02:42:04Z,1,"Another one of his fine qualities, the orange gasbag is impatient. The Diaper Rash Cowboy is having another tantrum when one of his lies/fantasies doesn't come to fruition. And he is exposed (once again) as a BUFFOON. He is OFFICIALLY - ""Mr Bungle"" the worlds biggest IMBECILE. Thank you for your attention to this matter.",LABEL_0,0.5145293474197388,Anti,"[{""text"": ""one"", ""label"": ""CARDINAL""}, {""text"": ""The Diaper Rash Cowboy"", ""label"": ""ORG""}, {""text"": ""BUFFOON"", ""label"": ""ORG""}, {""text"": ""Bungle"", ""label"": ""WORK_OF_ART""}]","[""one of"", ""of his"", ""another"", ""is"", ""one""]",4,"cbs, news, is, fake, the"
a22f5b5f76b9b443,6ebXffTl4do,@Rafbibi33,2026-06-22T01:52:36Z,1,Is Grandpa crying wolf again? 😂😂,LABEL_1,0.5619447231292725,Neutral,"[{""text"": ""Grandpa"", ""label"": ""PERSON""}, {""text"": ""wolf"", ""label"": ""PERSON""}]","[""crying wolf"", ""crying"", ""wolf"", ""grandpa"", ""again""]",-1,
0a612f1ac700a296,6ebXffTl4do,@jayastorga,2026-06-22T02:17:11Z,1,"Take over Iran send refugees there, (non muslims) Use Islam's playbook",LABEL_0,0.5383331179618835,Anti,"[{""text"": ""Iran"", ""label"": ""GPE""}, {""text"": ""muslims"", ""label"": ""NORP""}, {""text"": ""Islam"", ""label"": ""ORG""}]","[""take over"", ""muslims"", ""islam"", ""non"", ""send""]",6,"they, this, would, long, and"
1880f96c8f07ba22,6ebXffTl4do,@隆美尔-c4u,2026-06-22T01:48:17Z,1,"Finally after all the back and forth, the fatal weakness of those Iranians turns out to be the foul language.",LABEL_0,0.8530417084693909,Anti,"[{""text"": ""Iranians"", ""label"": ""NORP""}]","[""back and"", ""forth the"", ""fatal"", ""of those"", ""finally""]",8,"the, is, and, to, of"
d58cb64920689a22,6ebXffTl4do,@joshuabrookshire2842,2026-06-22T02:44:31Z,1,This tangerine clowns lack of political tact and wit is down right shameful. He's a reflection of those who voted for him.,LABEL_0,0.966490626335144,Anti,[],"[""who voted"", ""clowns"", ""of those"", ""those who"", ""voted""]",4,"cbs, news, is, fake, the"
13b62f6b5a834a6e,6ebXffTl4do,@LiveLoveLaugh5685,2026-06-22T02:05:52Z,1,"Corrupt Roy Cohn School of Business taught to Conman in Chief - 1.Deny everything, Admit nothing 2.Threaten everybody attack attack attack, 3. No matter what happens, claim victory.",LABEL_0,0.5956000685691833,Anti,"[{""text"": ""Corrupt Roy Cohn School of Business"", ""label"": ""PERSON""}, {""text"": ""Conman"", ""label"": ""PERSON""}, {""text"": ""2.Threaten"", ""label"": ""CARDINAL""}, {""text"": ""3"", ""label"": ""CARDINAL""}]","[""attack"", ""claim victory"", ""happens"", ""claim"", ""no matter""]",3,"the, to, he, trump, and"
03d7a0379582d621,6ebXffTl4do,@Anthony-m6k2f,2026-06-22T02:48:25Z,1,Now poll educated people,LABEL_1,0.6889241933822632,Neutral,[],"[""poll"", ""now"", ""people""]",-1,
99ff01ef9c5ed1ca,6ebXffTl4do,@ae_marika.9551,2026-06-22T13:07:10Z,1,"He threstens obliteration on Sunday, claim victory by Tuesday and declares peace by Friday to manipulate the markets. Then the groundhog circus week starts all over again.",LABEL_1,0.47682836651802063,Neutral,"[{""text"": ""Sunday"", ""label"": ""DATE""}, {""text"": ""Tuesday"", ""label"": ""DATE""}, {""text"": ""Friday"", ""label"": ""DATE""}]","[""by"", ""over again"", ""manipulate"", ""tuesday"", ""all over""]",-1,
b66a8ba3aa4c25da,6ebXffTl4do,@camitup,2026-06-22T11:30:43Z,1,It's ALL BS,LABEL_0,0.8958413004875183,Anti,[],"[""it all"", ""bs"", ""all"", ""it""]",2,"the, to, you, of, iran"
3023654794b39664,6ebXffTl4do,@NYMArts,2026-06-22T17:45:53Z,1,President Trump is Very Tired.,LABEL_0,0.9305675029754639,Anti,"[{""text"": ""Trump"", ""label"": ""PERSON""}, {""text"": ""Very Tired"", ""label"": ""ORG""}]","[""very tired"", ""tired"", ""president trump"", ""very"", ""trump is""]",0,"he, trump, the, but, and"
8486e92a5146b2ef,6ebXffTl4do,@joenobody7495,2026-06-22T17:02:31Z,1,Department of War? Gulf of America? Six thousand presidentail pardons? Wants money from the DOJ? Wants money from the IRS? Thinks the DOJ is his private law firm? Thousands of presidential orders? And he thinks vandals are the problem?,LABEL_0,0.7365885972976685,Anti,"[{""text"": ""Department of War"", ""label"": ""ORG""}, {""text"": ""Six thousand"", ""label"": ""CARDINAL""}, {""text"": ""IRS"", ""label"": ""ORG""}, {""text"": ""DOJ"", ""label"": ""ORG""}, {""text"": ""Thousands"", ""label"": ""CARDINAL""}]","[""thinks"", ""wants"", ""from the"", ""money"", ""from""]",5,"the, and, of, is, to"
94674e669a5d5a64,6ebXffTl4do,@mathewgrover6455,2026-06-22T11:38:35Z,1,I don't know why he is speaking because nobody actually listens to him anymore.,LABEL_0,0.9453850984573364,Anti,[],"[""don know"", ""speaking"", ""why he"", ""actually"", ""anymore""]",3,"the, to, he, trump, and"
52ead8c537d008c1,6ebXffTl4do,@azrazulfiqar6617,2026-06-22T07:20:37Z,1,D trump is a one of the biggest monster ☠️💀,LABEL_0,0.9608360528945923,Anti,[],"[""the biggest"", ""biggest"", ""one of"", ""one"", ""trump is""]",4,"cbs, news, is, fake, the"
835a1d7d74159034,6ebXffTl4do,@camitup,2026-06-22T11:31:52Z,1,Get some Balls and IMPEACH,LABEL_1,0.5444490313529968,Neutral,"[{""text"": ""Balls"", ""label"": ""LOC""}, {""text"": ""IMPEACH"", ""label"": ""ORG""}]","[""impeach"", ""some"", ""get"", ""and""]",-1,
b5ceae6507065029,6ebXffTl4do,@pattycake8272,2026-06-22T14:22:26Z,1,I need to hear what other countrys think of his tom foolery,LABEL_0,0.7664862275123596,Anti,[],"[""what other"", ""hear"", ""of his"", ""need to"", ""other""]",9,"the, to, trump, is, iran"
3cae254d7ac05587,6ebXffTl4do,@pakkslac133,2026-06-22T06:57:13Z,1,The loud mouth idiot will blow up any positive talks. Started a disaster he can't stop. Fn liar..,LABEL_0,0.9580667018890381,Anti,[],"[""loud mouth"", ""blow"", ""blow up"", ""disaster"", ""he can""]",4,"cbs, news, is, fake, the"
4bba55293625ed3d,6ebXffTl4do,@AaronShannon-q6i,2026-06-22T17:46:46Z,1,TACO.,LABEL_1,0.6302228569984436,Neutral,"[{""text"": ""TACO"", ""label"": ""ORG""}]","[""taco""]",-1,
80f2dbcfa70f46db,6ebXffTl4do,@David-t9y1w,2026-06-22T16:20:30Z,1,"The problem with this negotiation is that still Iran not willing to negotiate face to face ! The middleman countries are two most unpopular countries in Middle East with their own agenda in mind!! There will be no concrete resolution until the Iranian people right and freedom from IRGC is on the table!! Just like IRGC demend on Lebanon, the US must demand the same for Iranian people and political prisoners!! Stop daily executions!",LABEL_0,0.8754495978355408,Anti,"[{""text"": ""Iran"", ""label"": ""GPE""}, {""text"": ""two"", ""label"": ""CARDINAL""}, {""text"": ""Middle East"", ""label"": ""LOC""}, {""text"": ""Iranian"", ""label"": ""NORP""}, {""text"": ""IRGC"", ""label"": ""GPE""}, {""text"": ""IRGC"", ""label"": ""GPE""}, {""text"": ""Lebanon"", ""label"": ""GPE""}, {""text"": ""US"", ""label"": ""GPE""}, {""text"": ""Iranian"", ""label"": ""NORP""}]","[""iranian people"", ""face"", ""the"", ""countries"", ""irgc""]",5,"the, and, of, is, to"
3241b317a6756ab0,6ebXffTl4do,@piedaandrade2341,2026-06-22T11:26:15Z,1,"TRUMP ,DOING WHAT OTHER 2 NO CARE,ABOUT SAFETY OF THIS COUNTRY. BUT TRUMP IS REAL. WARRIOR,AND HE HAVE AHOUR SUPPORT. ❤",LABEL_2,0.5993978977203369,Pro,"[{""text"": ""TRUMP"", ""label"": ""ORG""}, {""text"": ""TRUMP"", ""label"": ""ORG""}]","[""but trump"", ""no care"", ""this country"", ""what other"", ""support""]",4,"the, is, of, this, he"
bce35241a9ccac84,6ebXffTl4do,@glorpp,2026-06-22T11:10:16Z,1,Can somebody take this lunitic off-line?? I think the world really gad enough of his narcissistic behavior. Who does he think he is?,LABEL_0,0.958689272403717,Anti,[],"[""think"", ""think the"", ""take this"", ""does he"", ""line""]",9,"the, to, trump, is, iran"
2265d1092d9895bb,6ebXffTl4do,@RasCricketSmallAxe,2026-06-22T04:53:42Z,1,The best part of all this is it’s only TRUMP who is making Trump look like a complete failure,LABEL_0,0.7552769184112549,Anti,"[{""text"": ""TRUMP"", ""label"": ""ORG""}, {""text"": ""Trump"", ""label"": ""PERSON""}]","[""all this"", ""making trump"", ""is making"", ""it only"", ""trump look""]",9,"the, to, trump, is, iran"
99cfc0ee5f96a9a6,6ebXffTl4do,@El777-f2v,2026-06-22T11:18:23Z,1,Trump wants more war because he finally figured out he surrendered and trump doesn’t like losing😂I do not appreciate my president’s gutter mouth.,LABEL_0,0.9372410178184509,Anti,[],"[""like losing"", ""trump doesn"", ""my president"", ""because he"", ""finally""]",7,"and, not, he, the, they"
9ac99f2690a08fdf,6ebXffTl4do,@yipi8963,2026-06-22T04:31:26Z,1,Couldn't the US just let Iran have the nukes they want. It would probably be a couple of years before they launch them on everyone around them. We could have low oil prices until then and when no oil is available after we could just use solar panels.,LABEL_1,0.5043365359306335,Neutral,"[{""text"": ""US"", ""label"": ""GPE""}, {""text"": ""Iran"", ""label"": ""GPE""}, {""text"": ""a couple of years"", ""label"": ""DATE""}]","[""oil"", ""could"", ""them"", ""have"", ""just""]",-1,
5099ddcab00157c1,6ebXffTl4do,@AaronShannon-q6i,2026-06-22T17:46:34Z,1,Trump is a coward.,LABEL_0,0.9700810313224792,Anti,"[{""text"": ""Trump"", ""label"": ""ORG""}]","[""coward"", ""trump is"", ""trump"", ""is""]",9,"the, to, trump, is, iran"
ac6f659e0d19629b,6ebXffTl4do,@realnowheregirl,2026-06-22T04:39:02Z,1,T is the absolute worst.,LABEL_0,0.9699603319168091,Anti,[],"[""worst"", ""is the"", ""is"", ""the""]",5,"the, and, of, is, to"
a5b86cb7debd33e8,6ebXffTl4do,@cycleologytv7373,2026-06-22T17:50:56Z,1,Isn’t Lyndsey Graham a ghost,LABEL_1,0.7766323685646057,Neutral,"[{""text"": ""Lyndsey Graham"", ""label"": ""PERSON""}]","[""isn"", ""graham""]",-1,
89e7357a6d675451,6ebXffTl4do,@sherifmohsen-os5xz,2026-06-22T12:18:57Z,1,"If they could, they would, a long time ago. Threats are worthless and for the weak.",LABEL_0,0.8473011255264282,Anti,"[{""text"": ""a long time ago"", ""label"": ""DATE""}]","[""they"", ""they could"", ""threats are"", ""worthless"", ""they would""]",6,"they, this, would, long, and"
4852dd0087a3723a,6ebXffTl4do,@David-t9y1w,2026-06-22T05:12:49Z,1,JD Vance believes he can buy the IRGC to change their terrorist ideology! If you can change a leopard stripes then you can change the IRGC terrorist ideology! It’s in their DNA !,LABEL_0,0.5273640155792236,Anti,"[{""text"": ""JD Vance"", ""label"": ""PERSON""}, {""text"": ""IRGC"", ""label"": ""GPE""}, {""text"": ""IRGC"", ""label"": ""ORG""}]","[""change"", ""the irgc"", ""terrorist"", ""can"", ""you can""]",2,"the, to, you, of, iran"
7968046fc4faad80,6ebXffTl4do,@KT-c2m,2026-06-22T20:21:23Z,1,‘I like people who like me. Simple as that’ - Donald Trump,LABEL_2,0.5743029117584229,Pro,[],"[""like"", ""people who"", ""me"", ""donald trump"", ""donald""]",2,"to, job, iran, good, like"
76637cf1ab601805,6ebXffTl4do,@OurObservedWorld,2026-06-22T19:50:25Z,1,Trump is going to fix this. He is the most respected president in history. He even said it himself.,LABEL_2,0.8719068765640259,Pro,"[{""text"": ""Trump"", ""label"": ""ORG""}]","[""to fix"", ""in history"", ""he even"", ""fix this"", ""fix""]",4,"the, is, of, this, he"
05cd398a5e124411,6ebXffTl4do,@joenobody7495,2026-06-22T18:36:31Z,1,"We all know what Trump really is. Trump lost all his daddy's money. Iran knows what he is, too. So does North Korea. So, does Russia. The generation that lost everything their daddy's won. Trump is a symbol of his generation. LOSERS. GENERATION LOSER.",LABEL_0,0.900007963180542,Anti,"[{""text"": ""Trump"", ""label"": ""PERSON""}, {""text"": ""Trump"", ""label"": ""PERSON""}, {""text"": ""Iran"", ""label"": ""GPE""}, {""text"": ""North Korea"", ""label"": ""GPE""}, {""text"": ""Russia"", ""label"": ""GPE""}, {""text"": ""Trump"", ""label"": ""ORG""}, {""text"": ""LOSERS"", ""label"": ""ORG""}, {""text"": ""LOSER"", ""label"": ""ORG""}]","[""lost"", ""does"", ""so"", ""trump"", ""his""]",8,"the, is, and, to, of"
b5e93e9635a3dab5,6ebXffTl4do,@Shipwreck_8847,2026-06-22T04:20:02Z,1,"Not if Russia has anything to say about it. Iran is allies with Russia and Russia is moving orange man's hands. He tells him what to do, what to say in exchange for council. That's how it was halted to begin with. Funny how orange man is being controlled and tugged both sides by Bibi and Putin and in the middle is Iran and orange guy. Israeli money vs Putin's council, that's what it comes down to. Hope republican voters made America great again by installing this guy in. Great job y'all.",LABEL_1,0.4323987364768982,Neutral,"[{""text"": ""Russia"", ""label"": ""GPE""}, {""text"": ""Iran"", ""label"": ""GPE""}, {""text"": ""Russia"", ""label"": ""GPE""}, {""text"": ""Russia"", ""label"": ""GPE""}, {""text"": ""Bibi"", ""label"": ""PERSON""}, {""text"": ""Putin"", ""label"": ""PERSON""}, {""text"": ""Iran"", ""label"": ""GPE""}, {""text"": ""Israeli"", ""label"": ""NORP""}, {""text"": ""Putin"", ""label"": ""PERSON""}, {""text"": ""republican"", ""label"": ""NORP""}, {""text"": ""America"", ""label"": ""GPE""}]","[""russia"", ""orange"", ""putin"", ""to say"", ""and""]",-1,
e10349f0406f78a1,6ebXffTl4do,@SylviaRuiz-t5t,2026-06-22T05:04:18Z,1,No J D you Don't get any credit you are a part of this war,LABEL_0,0.9071294665336609,Anti,[],"[""you"", ""credit"", ""you don"", ""you are"", ""of this""]",2,"the, to, you, of, iran"
693ad1ef63a6cd05,6ebXffTl4do,@randymccabe7442,2026-06-22T01:59:37Z,0,WHAT THE HELL IS WRONG WITH CBS … PUTTING OUT JUNK NEWS LIKE THIS WHY WERE IN THE MIDDLE OF THIS CONFLICT,LABEL_0,0.955097496509552,Anti,"[{""text"": ""CBS"", ""label"": ""ORG""}]","[""like this"", ""is wrong"", ""were in"", ""hell is"", ""the middle""]",9,"the, to, trump, is, iran"
e6b7bd152c7c7055,6ebXffTl4do,@Umer.us1244,2026-06-22T01:58:30Z,0,Wow he is not free to make a decision,LABEL_0,0.6587098836898804,Anti,[],"[""wow"", ""free"", ""to make"", ""is not"", ""make""]",5,"the, and, of, is, to"
aa989d23c9cac961,6ebXffTl4do,@greenhousefun3235,2026-06-22T11:28:56Z,0,The strait is open for iran and its friends. It doesn’t make sense at all that the Us is going through the strait I haven’t heard an apology for them kids abd teachers at the school. Americans need a rebate and them files😢,LABEL_0,0.9015759825706482,Anti,"[{""text"": ""iran"", ""label"": ""GPE""}, {""text"": ""Us"", ""label"": ""GPE""}, {""text"": ""Americans"", ""label"": ""NORP""}]","[""the strait"", ""strait"", ""at"", ""them"", ""the""]",5,"the, and, of, is, to"
359ed6cb6e3d95b4,6ebXffTl4do,@mikem4883,2026-06-22T01:58:56Z,0,"Trump is the problem with his cabinet. And L. Graham, We are SICK OF YOUR WAR MOUTH. Sick of your money laundering, sick of you PERIOD!",LABEL_0,0.9675302505493164,Anti,"[{""text"": ""Trump"", ""label"": ""ORG""}, {""text"": ""L. Graham"", ""label"": ""PERSON""}]","[""sick of"", ""sick"", ""your"", ""of"", ""problem with""]",5,"the, and, of, is, to"
4deaeef4c47028dd,6ebXffTl4do,@burkepete110,2026-06-22T12:51:34Z,0,"Any cost, any sacrifice to protect Trump from scrutiny over his Epstein antics.",LABEL_1,0.5120578408241272,Neutral,"[{""text"": ""Trump"", ""label"": ""PERSON""}, {""text"": ""Epstein"", ""label"": ""PRODUCT""}]","[""any"", ""trump from"", ""sacrifice"", ""cost"", ""epstein""]",-1,
1967ecbcef912d8f,6ebXffTl4do,@westleyclay9805,2026-06-22T01:59:55Z,0,Take it all over!Watch what america looks like for 10 years!!lol😅,LABEL_1,0.4837743639945984,Neutral,"[{""text"": ""america"", ""label"": ""GPE""}, {""text"": ""10"", ""label"": ""CARDINAL""}]","[""all over"", ""10"", ""10 years"", ""watch"", ""it all""]",-1,
ee5801e1f1ad58b2,6ebXffTl4do,@1catmac,2026-06-22T01:59:40Z,0,"Oh no, ""They're laughing at us"" 😂😂😂😂 This coverage with your prejudices is so bad, you're not even hiding it! Unsubscribe",LABEL_0,0.9522484540939331,Anti,[],"[""re"", ""not even"", ""oh no"", ""hiding"", ""at us""]",8,"the, is, and, to, of"
00030e8a05da0882,6ebXffTl4do,@debp6606,2026-06-22T01:57:36Z,0,CBS - fake spin ommission distortion - all of the above,LABEL_0,0.6603113412857056,Anti,"[{""text"": ""CBS"", ""label"": ""ORG""}]","[""spin"", ""above"", ""cbs fake"", ""all of"", ""fake""]",3,"the, to, he, trump, and"
a540b784ef3abdbd,6ebXffTl4do,@alexanderburwell1344,2026-06-22T02:00:11Z,0,"""Trump is going to take the straight over by force"" - because we haven't already tried and failed to do so. Peak delusion",LABEL_0,0.7460775971412659,Anti,[],"[""take the"", ""to take"", ""force"", ""failed"", ""haven""]",9,"the, to, trump, is, iran"
f081dce94bf37b27,6ebXffTl4do,@robertbernard3152,2026-06-22T02:00:55Z,0,Fake news on your polling program!,LABEL_0,0.8959844708442688,Anti,[],"[""your"", ""fake news"", ""fake"", ""news"", ""on""]",4,"cbs, news, is, fake, the"
bb82613f100566f0,6ebXffTl4do,@berakhiahzephaniah9229,2026-06-22T12:54:46Z,0,Once again Trump and his supporters got to be up under a delusional spell.,LABEL_0,0.9497089385986328,Anti,"[{""text"": ""Trump"", ""label"": ""PERSON""}]","[""got to"", ""once again"", ""once"", ""and his"", ""under""]",3,"the, to, he, trump, and"
19a1b7c3fb545673,6ebXffTl4do,@billyrubin3108,2026-06-22T02:01:12Z,0,"The U.S. needs a regime change. Then, peace will be on the horizon.",LABEL_1,0.6254190802574158,Neutral,"[{""text"": ""U.S."", ""label"": ""GPE""}]","[""the needs"", ""regime change"", ""will be"", ""regime"", ""change""]",-1,
23e61c1f25c50205,6ebXffTl4do,@Darkangel20614,2026-06-22T02:01:23Z,0,"Is this even “news,” at this point?",LABEL_1,0.5458072423934937,Neutral,[],"[""this point"", ""at this"", ""this"", ""point"", ""even""]",-1,
4d978c612f076966,6ebXffTl4do,@Selmafinest,2026-06-22T01:58:16Z,0,Trump is doing this for Israel 😢,LABEL_0,0.8650769591331482,Anti,"[{""text"": ""Trump"", ""label"": ""ORG""}, {""text"": ""Israel"", ""label"": ""GPE""}]","[""is doing"", ""for israel"", ""doing"", ""israel"", ""trump is""]",5,"the, and, of, is, to"
cbfe078cdad0c9d4,6ebXffTl4do,@mikec5603,2026-06-22T12:38:35Z,0,CBS mainstream corrupt media.,LABEL_0,0.9022970795631409,Anti,"[{""text"": ""CBS"", ""label"": ""ORG""}]","[""mainstream"", ""corrupt"", ""media"", ""cbs""]",4,"cbs, news, is, fake, the"
5c61b7e1d84b6e4b,6ebXffTl4do,@ObiWill1,2026-06-22T01:57:21Z,0,"I'm confused as to what he's even threatening to bomb at this point. I mean I've heard on good authority we've won this war like 50 times already. He's used the word ""obliterated"" a whole bunch. So what are the bombs hitting at this point? Houses? More schools?",LABEL_0,0.7099505662918091,Anti,"[{""text"": ""50"", ""label"": ""CARDINAL""}]","[""ve"", ""at this"", ""this point"", ""point"", ""at""]",5,"the, and, of, is, to"
e60894d6468df265,6ebXffTl4do,@groverjackson672,2026-06-22T01:51:27Z,0,Democrats need to go somewhere!,LABEL_0,0.6107932329177856,Anti,"[{""text"": ""Democrats"", ""label"": ""NORP""}]","[""democrats"", ""to go"", ""need to"", ""need"", ""go""]",9,"the, to, trump, is, iran"
7b3eac1b59c5c06a,6ebXffTl4do,@valeriepeterman2024,2026-06-22T01:51:38Z,0,Fleecing if USA $ 😂 just like Ukraine war $,LABEL_0,0.6390732526779175,Anti,"[{""text"": ""Fleecing if USA"", ""label"": ""ORG""}, {""text"": ""Ukraine"", ""label"": ""GPE""}]","[""just like"", ""usa"", ""like"", ""if"", ""just""]",3,"the, to, he, trump, and"
94d9094d3e83d826,6ebXffTl4do,@Llewely,2026-06-22T01:51:45Z,0,"If you're not Essene, you're not obeying Christ in full; yet you think yourselves authorities on what the LORD has spoken.",LABEL_1,0.5385591387748718,Neutral,"[{""text"": ""Essene"", ""label"": ""PERSON""}]","[""re not"", ""you re"", ""you"", ""re"", ""not""]",-1,
11e6e8f38eb3bd32,6ebXffTl4do,@TimM-m5f,2026-06-22T01:52:36Z,0,Support your President. He's a Godsend. 🇺🇸 🇺🇲 🗽 🗽,LABEL_2,0.9691991806030273,Pro,"[{""text"": ""\ud83c\uddfa"", ""label"": ""DATE""}]","[""support"", ""your"", ""president"", ""he""]",9,"the, iran, of, and, he"
72fc5bbe070eac5f,6ebXffTl4do,@jesusluveternal,2026-06-22T11:59:33Z,0,Ever notice media agenda to get you involved with there fake news point of view!,LABEL_0,0.7256402969360352,Anti,[],"[""view"", ""notice"", ""agenda to"", ""agenda"", ""involved""]",2,"the, to, you, of, iran"
9a9619e2ed9e6a92,6ebXffTl4do,@rahimmajid647,2026-06-22T01:52:40Z,0,Time it took for things to turn to sh!t with this US/Iran MoU and Trump to start threatening Iran again. 8 days. Time it took for the coating on the Reflecting Pool to start peeling. 12 days. 🤦‍♂,LABEL_0,0.7810070514678955,Anti,"[{""text"": ""US"", ""label"": ""GPE""}, {""text"": ""Trump"", ""label"": ""ORG""}, {""text"": ""Iran"", ""label"": ""GPE""}, {""text"": ""8 days"", ""label"": ""DATE""}, {""text"": ""the Reflecting Pool"", ""label"": ""WORK_OF_ART""}, {""text"": ""12 days"", ""label"": ""DATE""}]","[""days"", ""to start"", ""took"", ""start"", ""to""]",9,"the, to, trump, is, iran"
ae8674c6371a8d43,6ebXffTl4do,@Freedomistman,2026-06-22T11:57:18Z,0,"*DEMOCRATS can't be made happy, if we fight they do not like it and if we make peace they STILL do not like it. Trumps only salvation comes from finishing the damn job!*",LABEL_0,0.9144267439842224,Anti,"[{""text"": ""DEMOCRATS"", ""label"": ""NORP""}]","[""if we"", ""do not"", ""do"", ""like"", ""if""]",7,"and, not, he, the, they"
29266a6fd5c678ac,6ebXffTl4do,@gingerparker316,2026-06-22T11:12:29Z,0,"I support Our President, and I Trust in the Plan ,Our Lord Jesus , has for Our Country.",LABEL_2,0.9288113713264465,Pro,"[{""text"": ""Jesus"", ""label"": ""PERSON""}]","[""our"", ""lord jesus"", ""the plan"", ""our president"", ""plan""]",5,"our, is, and, this, in"
c6e05af02d351f63,6ebXffTl4do,@shirazshirazi4199,2026-06-22T01:51:31Z,0,Trump = talking & no action,LABEL_0,0.5264431238174438,Anti,[],"[""no action"", ""action"", ""talking"", ""no"", ""trump""]",7,"and, not, he, the, they"
5324aea600858ebb,6ebXffTl4do,@JohnthenJefferson,2026-06-22T01:53:03Z,0,Democrats,LABEL_1,0.6031543612480164,Neutral,"[{""text"": ""Democrats"", ""label"": ""NORP""}]","[""democrats""]",-1,
66ea7810237d5216,6ebXffTl4do,@MasterPortuguese,2026-06-22T01:53:15Z,0,Good war president you did a good job. Way to pressure Iran. Put pressure on Israel to if they don’t start listening to us also,LABEL_2,0.5605865120887756,Pro,"[{""text"": ""Iran"", ""label"": ""GPE""}, {""text"": ""Israel"", ""label"": ""GPE""}]","[""pressure"", ""good"", ""to"", ""good job"", ""listening""]",2,"to, job, iran, good, like"
635e3934ea3aa4d7,6ebXffTl4do,@America-v4l,2026-06-22T01:51:27Z,0,"Trump keeps bragging he “won” the Iran war, but his MOU reads like the scoreboard of a blowout loss. Lift sanctions. Let Iran sell oil again. Hand over $300 billion. Your definition of winning sounds a lot like losing. It’s the political version of a Jets fan screaming “Super Bowl champs!” after a 4–13 season. If this is victory, what does defeat look like?",LABEL_0,0.7281352877616882,Anti,"[{""text"": ""Iran"", ""label"": ""GPE""}, {""text"": ""MOU"", ""label"": ""ORG""}, {""text"": ""Iran"", ""label"": ""GPE""}, {""text"": ""over $300 billion"", ""label"": ""MONEY""}, {""text"": ""Jets"", ""label"": ""ORG""}, {""text"": ""Super Bowl"", ""label"": ""EVENT""}, {""text"": ""a 4\u201313 season"", ""label"": ""DATE""}]","[""like"", ""of"", ""fan"", ""defeat"", ""keeps""]",9,"the, to, trump, is, iran"
0292c227d48edba1,6ebXffTl4do,@admiralpepper6933,2026-06-22T01:56:32Z,0,Why does he look so crusty.,LABEL_0,0.9170904755592346,Anti,[],"[""does he"", ""does"", ""look"", ""why"", ""so""]",8,"the, is, and, to, of"
1abc79b5a0a9aadb,6ebXffTl4do,@msavina9129,2026-06-22T01:57:02Z,0,Boycott,LABEL_0,0.6030124425888062,Anti,"[{""text"": ""Boycott"", ""label"": ""PERSON""}]","[""boycott""]",0,"he, trump, the, but, and"
777d5c7a9ee1c897,6ebXffTl4do,@Oku-Met,2026-06-22T01:51:25Z,0,CBS news is such a propaganda machine. You can't call this news. It is a video intended to only manipulate.,LABEL_0,0.909990668296814,Anti,"[{""text"": ""CBS"", ""label"": ""ORG""}]","[""news"", ""video"", ""news is"", ""machine"", ""call""]",4,"cbs, news, is, fake, the"
4e3b4961ef2cab9a,6ebXffTl4do,@jeas4980,2026-06-22T11:37:57Z,0,69% of Americans not understanding the importance of open waters is a dangerous failure of our education system.,LABEL_0,0.9288381934165955,Anti,"[{""text"": ""69%"", ""label"": ""PERCENT""}, {""text"": ""Americans"", ""label"": ""NORP""}]","[""of"", ""dangerous"", ""69 of"", ""education system"", ""education""]",1,"of, so, the, and, his"
c07cab0de049e934,6ebXffTl4do,@eliotgutow6673,2026-06-22T02:03:24Z,0,"Somebody should tell Mr Small the conflict is between Hezbollah and Israel, not Lebanon and Israel .Pretty basic stuff.",LABEL_0,0.5901134610176086,Anti,"[{""text"": ""Hezbollah"", ""label"": ""ORG""}, {""text"": ""Israel"", ""label"": ""GPE""}, {""text"": ""Lebanon"", ""label"": ""GPE""}, {""text"": ""Israel"", ""label"": ""GPE""}]","[""and israel"", ""israel"", ""lebanon and"", ""pretty"", ""small""]",5,"the, and, of, is, to"
2a9bd272783e5224,6ebXffTl4do,@dalmar5567,2026-06-22T02:01:59Z,0,Trump is 🤡,LABEL_0,0.9497280716896057,Anti,"[{""text"": ""Trump"", ""label"": ""ORG""}, {""text"": ""\ud83e\udd21"", ""label"": ""CARDINAL""}]","[""trump is"", ""trump"", ""is""]",9,"the, to, trump, is, iran"
db0a5c6f64dde666,6ebXffTl4do,@ChristopherHefner-n6i,2026-06-22T09:30:59Z,0,That cigar dude he in Provience town cape cod. Thats what drove sunny barger to his Demise..,LABEL_1,0.7928069829940796,Neutral,"[{""text"": ""Provience"", ""label"": ""ORG""}, {""text"": ""Demise"", ""label"": ""PERSON""}]","[""cigar"", ""dude"", ""to his"", ""his"", ""what""]",-1,
d29b89b80cca39da,6ebXffTl4do,@blackpatriot-wq2tf,2026-06-22T02:09:07Z,0,Then next week you going hear they are good ppl and the negotiations are goung well at this point iran already see us weakness and they dont care,LABEL_1,0.5912610292434692,Neutral,"[{""text"": ""next week"", ""label"": ""DATE""}, {""text"": ""iran"", ""label"": ""GPE""}]","[""they"", ""are"", ""weakness"", ""dont"", ""hear""]",-1,
77ce33d3aa1769a8,6ebXffTl4do,@Sasuke-Life89,2026-06-22T09:50:31Z,0,"Israel is the real issue - but these politicians gets paid to say otherwise and say nothing - that’s why these politicians must be fired and tried for treason - Israel is a foreign state, yet they control politicians with money",LABEL_0,0.9109621644020081,Anti,"[{""text"": ""Israel"", ""label"": ""GPE""}, {""text"": ""Israel"", ""label"": ""GPE""}]","[""politicians"", ""israel is"", ""say"", ""these"", ""israel""]",5,"the, and, of, is, to"
33c76de96c68e8f5,6ebXffTl4do,@billyrubin3108,2026-06-22T02:09:43Z,0,"Let’s sum it up. Trump took a bite too massive to chew. Now, he’s into bribing multiple billions of dollars to end the mess that he made, but Belligerent Bibi won’t let him.",LABEL_0,0.7937692403793335,Anti,"[{""text"": ""Trump"", ""label"": ""PERSON""}, {""text"": ""billions of dollars"", ""label"": ""MONEY""}]","[""let"", ""billions"", ""mess"", ""now he"", ""let him""]",2,"the, to, you, of, iran"
55969b27240fa671,6ebXffTl4do,@cosmicroar6403,2026-06-22T02:10:22Z,0,"You would think that if you couldn't negotiate with a drug cartel in Mexico, knowing they harm innocent people and poison society, that it wouldn't be much better trying to negotiate with people across the globe that actually want to wipe the United States off the face of the earth.",LABEL_0,0.9417552947998047,Anti,"[{""text"": ""Mexico"", ""label"": ""GPE""}, {""text"": ""the United States"", ""label"": ""GPE""}]","[""negotiate with"", ""negotiate"", ""that"", ""people"", ""the""]",2,"the, to, you, of, iran"
cd0e7b333a85ddae,6ebXffTl4do,@blackpatriot-wq2tf,2026-06-22T02:10:26Z,0,We need to get this man out of office before he start pressing that nuclear button,LABEL_0,0.8588760495185852,Anti,[],"[""office"", ""of office"", ""get this"", ""this man"", ""we need""]",2,"the, to, you, of, iran"
18194a453d3ca242,6ebXffTl4do,@LaLa55629,2026-06-22T02:10:35Z,0,Stop normalizing The Crazy‼️,LABEL_0,0.7016721963882446,Anti,[],"[""the crazy"", ""crazy"", ""stop"", ""the""]",9,"the, to, trump, is, iran"
eb172cc39fce5537,6ebXffTl4do,@ChristopherHefner-n6i,2026-06-22T09:39:28Z,0,I am Mr Scottie Pippin. The former Chicago bulls pigeon. Bluuuuurrr,LABEL_1,0.7711751461029053,Neutral,"[{""text"": ""Scottie Pippin"", ""label"": ""PERSON""}, {""text"": ""Chicago"", ""label"": ""GPE""}]","[""bulls"", ""chicago"", ""mr"", ""am"", ""the""]",-1,
72f100aacf1bda30,6ebXffTl4do,@Mike-v4c5l,2026-06-22T09:34:29Z,0,Are we going to end their civilization now😅,LABEL_0,0.6663135886192322,Anti,[],"[""end their"", ""their civilization"", ""civilization"", ""to end"", ""end""]",8,"the, is, and, to, of"
2f00306cdee0ee2b,6ebXffTl4do,@MikeGian,2026-06-22T02:12:50Z,0,Stop Trump from attacking Iran. Bring home the U.S. Navy. Let Iran Build the Nuke and let them use it on the U.S. Lets see were we go from there.,LABEL_0,0.5549220442771912,Anti,"[{""text"": ""Iran"", ""label"": ""GPE""}, {""text"": ""the U.S. Navy"", ""label"": ""ORG""}, {""text"": ""Iran"", ""label"": ""GPE""}, {""text"": ""Nuke"", ""label"": ""ORG""}]","[""let"", ""from"", ""trump from"", ""home"", ""navy""]",2,"the, to, you, of, iran"
14ee8d62621d0aba,6ebXffTl4do,@mtuers,2026-06-22T02:02:01Z,0,The Iranians shut down the Strait of Hormuz in the midst of negotiations? Why?,LABEL_0,0.6404607892036438,Anti,"[{""text"": ""Iranians"", ""label"": ""NORP""}, {""text"": ""the Strait of Hormuz"", ""label"": ""LOC""}]","[""of negotiations"", ""the iranians"", ""down the"", ""strait of"", ""iranians""]",5,"the, and, of, is, to"
8849b279b94e5937,6ebXffTl4do,@callhurd,2026-06-22T09:28:24Z,0,"CBS, can not even show a good picture of Trump , let along say anything good about him, ABC, NBC and CBS are fake news that suck.",LABEL_0,0.9530425667762756,Anti,"[{""text"": ""CBS"", ""label"": ""ORG""}, {""text"": ""Trump"", ""label"": ""ORG""}, {""text"": ""ABC"", ""label"": ""ORG""}, {""text"": ""NBC"", ""label"": ""ORG""}, {""text"": ""CBS"", ""label"": ""ORG""}]","[""good"", ""cbs"", ""picture"", ""about him"", ""not even""]",8,"the, is, and, to, of"
fb0809cd7e3833f9,6ebXffTl4do,@Andy-te1mw,2026-06-22T02:13:14Z,0,So much winning. Such a great deal. An amazing deal. A beautiful deal.,LABEL_2,0.9878774881362915,Pro,[],"[""deal"", ""so much"", ""beautiful"", ""amazing"", ""much""]",8,"the, to, in, we, trump"
7f381e8ee10d6546,6ebXffTl4do,@acgillespie,2026-06-22T02:13:39Z,0,That Poll is a farce. I know because it's lacking the all famous *#33* A Poll is never legit if it neglects the *#33*,LABEL_0,0.7742158770561218,Anti,"[{""text"": ""33"", ""label"": ""MONEY""}, {""text"": ""33"", ""label"": ""MONEY""}]","[""poll"", ""if it"", ""is never"", ""because it"", ""it""]",9,"the, to, trump, is, iran"
85d938fad47daa0f,6ebXffTl4do,@800Israel,2026-06-22T02:14:04Z,0,I am a u.s. tax payer and I approve this war against IRGC IRAN 100% MAGA 100% TRUMPY🇺🇸🇺🇸🇺🇸,LABEL_2,0.5742834806442261,Pro,"[{""text"": ""u.s."", ""label"": ""GPE""}, {""text"": ""IRGC"", ""label"": ""GPE""}, {""text"": ""100%"", ""label"": ""PERCENT""}, {""text"": ""100%"", ""label"": ""PERCENT""}, {""text"": ""\ud83c\uddfa"", ""label"": ""DATE""}, {""text"": ""\ud83c\uddfa"", ""label"": ""DATE""}, {""text"": ""\ud83c\uddfa"", ""label"": ""DATE""}, {""text"": ""\ud83c\uddf8"", ""label"": ""PERSON""}]","[""100"", ""approve"", ""war against"", ""against"", ""maga""]",9,"the, iran, of, and, he"
352b2000e45cf8f8,6ebXffTl4do,@michellealvisio8732,2026-06-22T02:14:18Z,0,Fake news,LABEL_0,0.8548171520233154,Anti,[],"[""fake news"", ""fake"", ""news""]",4,"cbs, news, is, fake, the"
b96ca80bf4ac0809,6ebXffTl4do,@ChristopherHefner-n6i,2026-06-22T09:27:50Z,0,I am not playing how come into your life. I let them pass. I don't want to be near or anything do with some that is reborn into your thru the mind wyaa. Yoeh a set up by them as they pass the looks of depression. You will get your head split open is the attempt to. No one is made anymore and cigar and Joe savage. Joe is new Hampshire alive and any of the new Hampshire of the involves and not for me at all. Your with the joe Savage and he alive and that means that Joe has to step out hiding and talk to entire mafia of every last lien the le eMe and it now a nation wide man hunt on all that are made mafia stuff and all of them meetings there job and cigar of to have made life back. Time to have no common sense wize guize er fun stuff,LABEL_0,0.7699968218803406,Anti,"[{""text"": ""Joe"", ""label"": ""PERSON""}, {""text"": ""Joe"", ""label"": ""PERSON""}, {""text"": ""new Hampshire"", ""label"": ""GPE""}, {""text"": ""Hampshire"", ""label"": ""PERSON""}, {""text"": ""Joe"", ""label"": ""PERSON""}]","[""and"", ""your"", ""of"", ""made"", ""to""]",5,"the, and, of, is, to"
14b26b1252e2781c,6ebXffTl4do,@gabrielahunt3175,2026-06-22T09:10:27Z,0,"TRUMP SHOULD NOT BE SWEARING AND THREATENING A COUNTRY TGAT WE ARE AT WAR WITH,TRUMP HAD NI NEGOTIATING SKILLS WHAT SO EVER,HE IS NO DIPLOMAT AND CANNOT GUIDE THIS COUNTRY THROUGH A SELF MADE PROBLEM TRUMP HAS STARTED WHICH SHOULD NEVER HAVE TAKEN PLACE IN THE FIRST PLACE.",LABEL_0,0.9182339310646057,Anti,"[{""text"": ""TRUMP SHOULD NOT BE SWEARING AND THREATENING A COUNTRY TGAT WE ARE AT WAR WITH"", ""label"": ""ORG""}, {""text"": ""TRUMP"", ""label"": ""ORG""}, {""text"": ""FIRST"", ""label"": ""ORDINAL""}]","[""place"", ""should"", ""country"", ""trump"", ""is no""]",5,"the, and, of, is, to"
f44fcde55b7a3cdc,6ebXffTl4do,@mirrorblue100,2026-06-22T09:08:09Z,0,a new cold war,LABEL_1,0.6737589836120605,Neutral,[],"[""new"", ""war""]",-1,
a3e96f1f224157fb,6ebXffTl4do,@A.l.i.b.a.b.a,2026-06-22T02:08:44Z,0,"No Israel, problem solved 👌",LABEL_2,0.5411271452903748,Pro,"[{""text"": ""Israel"", ""label"": ""GPE""}]","[""solved"", ""problem"", ""israel"", ""no""]",7,"the, president, they, think, no"
188706a75da67cf0,6ebXffTl4do,@04TerminatorTony,2026-06-22T02:07:46Z,0,"This is beyond crazy!! A bunch of back and forward marry-go-round bs by ego driven maniacs on all sides, playing with people lives with this tug-a-war and I dare ya nonsense.",LABEL_0,0.9592759013175964,Anti,[],"[""with"", ""dare"", ""forward"", ""round"", ""is beyond""]",9,"the, to, trump, is, iran"
43402637082db555,6ebXffTl4do,@derealiteit,2026-06-22T09:52:32Z,0,Usa can you send another mental patient to the white house I am done with Donny,LABEL_0,0.8371064066886902,Anti,"[{""text"": ""the white house"", ""label"": ""ORG""}, {""text"": ""Donny"", ""label"": ""ORG""}]","[""done with"", ""the white"", ""white house"", ""donny"", ""can you""]",3,"the, to, he, trump, and"
ea8cd50f9b3352a6,6ebXffTl4do,@russelledwards6026,2026-06-22T09:57:02Z,0,Iran hasn't read Drumph's Art of the Deal book.,LABEL_1,0.558370053768158,Neutral,"[{""text"": ""Iran"", ""label"": ""GPE""}, {""text"": ""Drumph"", ""label"": ""ORG""}]","[""hasn"", ""art"", ""art of"", ""the deal"", ""deal""]",-1,
8221845b8c70a81c,6ebXffTl4do,@x2PUNKx,2026-06-22T02:02:03Z,0,CBS praying that he/they get it correct KNOWING HES LYING IS STRAIGHT STUPID!,LABEL_0,0.7950002551078796,Anti,"[{""text"": ""CBS"", ""label"": ""ORG""}]","[""they get"", ""lying"", ""knowing"", ""correct"", ""stupid""]",4,"cbs, news, is, fake, the"
952dc8462728393c,6ebXffTl4do,@thewarriorscode3270,2026-06-22T02:02:18Z,0,Its amazing to me that the President of iran wants nuclear enrichment to deter fro western aggression and TRUMP HAS THREATENED TO NUKE THEM AND END THEIR CIVILIZATION. who is really the crazy religious regime 🤔,LABEL_0,0.6158033013343811,Anti,"[{""text"": ""iran"", ""label"": ""GPE""}, {""text"": ""TRUMP"", ""label"": ""ORG""}, {""text"": ""CIVILIZATION"", ""label"": ""GPE""}, {""text"": ""\ud83e\udd14"", ""label"": ""PERSON""}]","[""to"", ""their civilization"", ""of iran"", ""aggression and"", ""president of""]",9,"the, to, trump, is, iran"
270ba255d57a7ece,6ebXffTl4do,@danielbullman2035,2026-06-22T11:12:03Z,0,In other words come out of her my people or be afflicted with her plagues. Wake up people they are standing on top of a paper tiger everything they've ever told you was lies so why do you believe they are so powerful they ain't they are only powerful when the people believe their lies and they use the people to carry out their evil plans just don't do it no matter what if it's evil refuse to do it. Satan is obviously their god and he will lose eventually regardless so don't let him drag this out refuse wicked orders. Repent and seek Jesus Christ and his forgiveness because he is coming back soon get saved because judgements have already started don't be found wanting I love you all and I really would rather everyone repent and change their ways then get the wrath of God for being prideful.,LABEL_0,0.7218149900436401,Anti,"[{""text"": ""Satan"", ""label"": ""FAC""}, {""text"": ""Jesus Christ"", ""label"": ""PERSON""}]","[""they"", ""their"", ""people"", ""they are"", ""and""]",7,"and, not, he, the, they"
6ef6be7c576d9292,6ebXffTl4do,@angie99656,2026-06-22T02:02:37Z,0,Negotiating: not for toddlers.,LABEL_0,0.5956258773803711,Anti,[],"[""not for"", ""negotiating"", ""not"", ""for""]",7,"and, not, he, the, they"
49f7110033022f49,6ebXffTl4do,@nowzthetime,2026-06-22T02:03:34Z,0,Glass parking lot did we stutter,LABEL_1,0.5140583515167236,Neutral,"[{""text"": ""Glass"", ""label"": ""PERSON""}]","[""lot"", ""did"", ""we""]",-1,
83d216ec13e2c4ca,6ebXffTl4do,@danielbullman2035,2026-06-22T11:05:27Z,0,Fake war NWO using this to get rid of populations and justify carbon taxes and more inflation even though inflation is another psyop to eventually get us to digital currency instead of cash all this money magic is fake the took us off the gold standard 50 years ago money doesn't represent assets so it's completely just a number from thin air used to justify unnecessary hardship and top down control and slavery,LABEL_0,0.8827677369117737,Anti,"[{""text"": ""NWO"", ""label"": ""ORG""}, {""text"": ""50 years ago"", ""label"": ""DATE""}]","[""justify"", ""and"", ""money"", ""to"", ""fake""]",8,"the, is, and, to, of"
9ef9e355f9b1dd62,6ebXffTl4do,@Only-two-genders,2026-06-22T10:32:42Z,0,This the DEI news channel?,LABEL_1,0.8370319604873657,Neutral,"[{""text"": ""DEI"", ""label"": ""ORG""}]","[""channel"", ""news channel"", ""news"", ""this"", ""the""]",-1,
5858689394c5d1ae,6ebXffTl4do,@Imhere-q9p,2026-06-22T10:11:40Z,0,I am glad to see that most people are not blinded by this god awful administration,LABEL_0,0.508858323097229,Anti,[],"[""see that"", ""by this"", ""most people"", ""glad"", ""to see""]",8,"the, is, and, to, of"
9583fcc956328804,6ebXffTl4do,@pasques,2026-06-22T02:04:15Z,0,Maybe we need to start figuring out who voted for this fool.,LABEL_0,0.9340299367904663,Anti,[],"[""maybe we"", ""this fool"", ""who voted"", ""voted"", ""voted for""]",2,"the, to, you, of, iran"
bfa0d9fa0bdb986d,6ebXffTl4do,@Shinsanity87,2026-06-22T02:05:00Z,0,Just show Iran's leader a picture of his house,LABEL_1,0.6520564556121826,Neutral,"[{""text"": ""Iran"", ""label"": ""GPE""}]","[""picture"", ""picture of"", ""leader"", ""house"", ""show""]",-1,
c68caff969e016ee,6ebXffTl4do,@bozzisme,2026-06-22T10:10:08Z,0,"Trump need to be really humble and polite in order to have peace with Iran Being annoying and claiming victory won't help, give sanction to Israel will help",LABEL_1,0.5837419629096985,Neutral,"[{""text"": ""Iran"", ""label"": ""GPE""}, {""text"": ""Israel"", ""label"": ""GPE""}]","[""help"", ""to"", ""in order"", ""annoying"", ""claiming""]",-1,
d91b8d93e1e9e079,6ebXffTl4do,@Causeyc9c,2026-06-22T02:05:26Z,0,Making Iran Great Again! Happy 250 America!,LABEL_2,0.9483125805854797,Pro,"[{""text"": ""Iran Great Again"", ""label"": ""EVENT""}, {""text"": ""250"", ""label"": ""CARDINAL""}]","[""great again"", ""making iran"", ""happy"", ""making"", ""great""]",2,"to, job, iran, good, like"
e4b2996576f4cf05,6ebXffTl4do,@RussP-m3j,2026-06-22T02:05:33Z,0,SNIPERS GET TO CAMP DAVID!,LABEL_1,0.6234835386276245,Neutral,[],"[""get to"", ""david"", ""get"", ""to""]",-1,
bc400d30ed4ddb1b,6ebXffTl4do,@HerbieCassidy,2026-06-22T02:05:49Z,0,what will they throw jellow at us--they hardly have anything to fight with,LABEL_0,0.7494496703147888,Anti,[],"[""they"", ""anything to"", ""to fight"", ""at us"", ""fight""]",3,"the, to, he, trump, and"
e66315301f39c104,6ebXffTl4do,@Alf2555,2026-06-22T10:09:14Z,0,"Senator Mike Lee: The SAVE America Act, passed by the House of Representatives and supported by a majority of Americans across the country, has garnered 50 votes in the US Senate. The only thing standing between us and victory is hard work. Supported by 80% of citizens",LABEL_2,0.7275984883308411,Pro,"[{""text"": ""Mike Lee"", ""label"": ""PERSON""}, {""text"": ""the House of Representatives"", ""label"": ""ORG""}, {""text"": ""Americans"", ""label"": ""NORP""}, {""text"": ""50"", ""label"": ""CARDINAL""}, {""text"": ""the US Senate"", ""label"": ""ORG""}, {""text"": ""80%"", ""label"": ""PERCENT""}]","[""by"", ""the"", ""us"", ""of"", ""the only""]",4,"the, is, of, this, he"
c45398aebe65f349,6ebXffTl4do,@WillBaglivo-c3l,2026-06-22T10:05:08Z,0,Gifted c4 cup tie hanky cell toothpick 😅😅😅,LABEL_1,0.6797564625740051,Neutral,[],[],-1,
9ade11556cbd29db,6ebXffTl4do,@ROCKANDROLL707,2026-06-22T10:02:44Z,0,I'll give Iran countdown 😏😅,LABEL_1,0.5005847811698914,Neutral,"[{""text"": ""Iran"", ""label"": ""GPE""}]","[""ll"", ""give"", ""iran""]",-1,
5b4a99cd1af1a630,6ebXffTl4do,@georgegarrard9915,2026-06-22T01:50:27Z,0,FAKE F NEWS,LABEL_0,0.9437642693519592,Anti,"[{""text"": ""F NEWS"", ""label"": ""PRODUCT""}]","[""fake news"", ""fake"", ""news""]",4,"cbs, news, is, fake, the"
8cc10db2fdf8f5e3,6ebXffTl4do,@billyrubin3108,2026-06-22T04:05:10Z,0,"Trump totally failed when he didn’t remove Iran’s regime. Now, the Republicans own this mess.",LABEL_0,0.916435718536377,Anti,"[{""text"": ""Iran"", ""label"": ""GPE""}, {""text"": ""Republicans"", ""label"": ""NORP""}]","[""when he"", ""mess"", ""didn"", ""totally"", ""failed""]",9,"the, to, trump, is, iran"
7efb1bf24e752aea,6ebXffTl4do,@RickBunce,2026-06-22T01:49:50Z,0,Your all a joke,LABEL_0,0.9055522084236145,Anti,[],"[""your"", ""all""]",5,"the, and, of, is, to"
bfc0c9225ab753a3,6ebXffTl4do,@getreal33510,2026-06-22T16:20:28Z,0,"FRUMP is exactly what the MAGA world needs right now. Another stupid republican trying to destroy the world. Like they haven't done enough. Got the U.S. involved in Vietnam in 1952, Eisenhower. Made Iran the hard line Muslim country it is today when our country and Britain overthrew their government in 1953, again Eisenhower. Made China a superpower when we opened trade with them in 1979 who else but a worthless republican, Nixon. 1st Gulf War who else but another worthless republican, George Bush Sr. The next Gulf War, republican George Bush Jr. The war in Afghanistan. republican George Bush Jr. And now the war with Iran . another stupid republican, Frump",LABEL_0,0.8425459861755371,Anti,"[{""text"": ""FRUMP"", ""label"": ""ORG""}, {""text"": ""MAGA"", ""label"": ""ORG""}, {""text"": ""republican"", ""label"": ""NORP""}, {""text"": ""U.S."", ""label"": ""GPE""}, {""text"": ""Vietnam"", ""label"": ""GPE""}, {""text"": ""1952"", ""label"": ""DATE""}, {""text"": ""Eisenhower"", ""label"": ""PERSON""}, {""text"": ""Iran"", ""label"": ""GPE""}, {""text"": ""Muslim"", ""label"": ""NORP""}, {""text"": ""today"", ""label"": ""DATE""}, {""text"": ""Britain"", ""label"": ""GPE""}, {""text"": ""1953"", ""label"": ""DATE""}, {""text"": ""Eisenhower"", ""label"": ""PERSON""}, {""text"": ""China"", ""label"": ""GPE""}, {""text"": ""1979"", ""label"": ""DATE""}, {""text"": ""republican"", ""label"": ""NORP""}, {""text"": ""Nixon"", ""label"": ""PERSON""}, {""text"": ""1st"", ""label"": ""DATE""}, {""text"": ""Gulf War"", ""label"": ""EVENT""}, {""text"": ""republican"", ""label"": ""NORP""}, {""text"": ""George Bush Sr"", ""label"": ""PERSON""}, {""text"": ""Gulf War"", ""label"": ""EVENT""}, {""text"": ""republican"", ""label"": ""NORP""}, {""text"": ""George Bush Jr."", ""label"": ""PERSON""}, {""text"": ""Afghanistan"", ""label"": ""GPE""}, {""text"": ""republican"", ""label"": ""NORP""}, {""text"": ""George Bush Jr."", ""label"": ""PERSON""}, {""text"": ""Iran"", ""label"": ""GPE""}, {""text"": ""republican"", ""label"": ""NORP""}, {""text"": ""Frump"", ""label"": ""ORG""}]","[""republican"", ""another"", ""in"", ""war"", ""the""]",5,"the, and, of, is, to"
dd00bbaf6cf7b2b1,6ebXffTl4do,@lesleylawson8094,2026-06-22T16:39:36Z,0,hahaha Trump lost the war! laughing stock of the world? Iran won 300 billion dollars from the USA,LABEL_0,0.6322996616363525,Anti,"[{""text"": ""Trump"", ""label"": ""ORG""}, {""text"": ""Iran"", ""label"": ""GPE""}, {""text"": ""300 billion dollars"", ""label"": ""MONEY""}, {""text"": ""USA"", ""label"": ""GPE""}]","[""iran won"", ""300 billion"", ""lost the"", ""hahaha"", ""dollars""]",9,"the, to, trump, is, iran"
bd19811c15cd50e6,6ebXffTl4do,@luishon11,2026-06-22T01:26:36Z,0,now FAKE NEWS work for the enemies of the USA,LABEL_0,0.9589166045188904,Anti,[],"[""work for"", ""work"", ""the usa"", ""usa"", ""for the""]",8,"the, is, and, to, of"
8e786d3a7d2506f3,6ebXffTl4do,@dejavu2030,2026-06-22T16:34:43Z,0,Trump is the boss. Period.,LABEL_1,0.5103719830513,Neutral,"[{""text"": ""Trump"", ""label"": ""ORG""}]","[""period"", ""boss"", ""is the"", ""trump is"", ""trump""]",-1,
99fc5b8e5fd012aa,6ebXffTl4do,@toniopensdoors,2026-06-22T01:26:57Z,0,Who owns CBS?,LABEL_1,0.749160647392273,Neutral,"[{""text"": ""CBS"", ""label"": ""ORG""}]","[""who"", ""cbs""]",-1,
1cf178854e820d95,6ebXffTl4do,@crispark9797,2026-06-22T16:27:46Z,0,Trump is a narcissistic pathological liar and a sociopath. That's all you need to know to understand Trump's behavior and actions.,LABEL_0,0.9546091556549072,Anti,"[{""text"": ""Trump"", ""label"": ""ORG""}, {""text"": ""Trump"", ""label"": ""ORG""}]","[""pathological"", ""to understand"", ""that all"", ""pathological liar"", ""actions""]",9,"the, to, trump, is, iran"
86566de8e4c673e5,6ebXffTl4do,@LARRY-j3f4z,2026-06-22T01:27:48Z,0,DEMS UNIMPRESSED BECAUSE DEMS NO LONGER ARE DEMS JUST NAME ONLY. THEY ARE DONE AND THEY KNOW IT BUT CBS OF COURSE WON'T TELL YOU THAT,LABEL_0,0.6655174493789673,Anti,"[{""text"": ""NAME"", ""label"": ""ORG""}, {""text"": ""CBS OF COURSE WON'T"", ""label"": ""ORG""}]","[""they"", ""are"", ""you that"", ""name"", ""of course""]",0,"he, trump, the, but, and"
86f0863ff7c6f900,6ebXffTl4do,@EddieMapula,2026-06-22T01:27:55Z,0,Any one being NEGATIVE YOUR STUPID DUB AND STUPID . Trump is winners let him work for the best. USA 🇱🇷❤️❤️❤️,LABEL_2,0.42299091815948486,Pro,"[{""text"": ""one"", ""label"": ""CARDINAL""}, {""text"": ""Trump"", ""label"": ""ORG""}]","[""stupid"", ""work for"", ""negative"", ""let him"", ""winners""]",0,"the, to, is, it, war"
d72188af1f4d2018,6ebXffTl4do,@russellcaldarola9707,2026-06-22T01:28:04Z,0,CBS still being CBS never watch them never will.,LABEL_0,0.6720362305641174,Anti,"[{""text"": ""CBS"", ""label"": ""ORG""}, {""text"": ""CBS"", ""label"": ""ORG""}]","[""never"", ""cbs"", ""cbs still"", ""watch"", ""being""]",4,"cbs, news, is, fake, the"
5057f5adf68326d9,6ebXffTl4do,@ste7en777,2026-06-22T15:43:39Z,0,i feel so much hate for everyone,LABEL_0,0.9778885841369629,Anti,[],"[""so much"", ""everyone"", ""much"", ""feel"", ""so""]",3,"the, to, he, trump, and"
af828715c06be2fe,6ebXffTl4do,@ChristianRukiza,2026-06-22T16:49:38Z,0,those polls were pulled out of thin air,LABEL_0,0.5496196746826172,Anti,[],"[""thin"", ""thin air"", ""air"", ""polls"", ""were""]",8,"the, is, and, to, of"
214170f2c9491184,6ebXffTl4do,@ste7en777,2026-06-22T15:43:23Z,0,i9 won't be more careful i am SO FUCKIGN CAREFUL every time i type,LABEL_0,0.6899291276931763,Anti,[],"[""careful"", ""so fuckign"", ""fuckign"", ""am so"", ""every""]",2,"the, to, you, of, iran"
b4a799c89a13d183,6ebXffTl4do,@PaulCarroll-x1g,2026-06-22T01:31:00Z,0,"Trump , Vance and Graham need socks in their mouths. What kind of BS negotiation happens in public and on TV and social media?",LABEL_0,0.891596794128418,Anti,"[{""text"": ""Trump"", ""label"": ""ORG""}, {""text"": ""Vance"", ""label"": ""PERSON""}, {""text"": ""Graham"", ""label"": ""PERSON""}]","[""and"", ""in public"", ""kind"", ""tv"", ""vance and""]",5,"the, and, of, is, to"
cfc426bcc2526bf7,6ebXffTl4do,@ste7en777,2026-06-22T15:42:51Z,0,i think this might be a dream a very very bad dream,LABEL_0,0.8970152735710144,Anti,[],"[""very"", ""think this"", ""very very"", ""might"", ""bad""]",0,"he, trump, the, but, and"
8c668be42ae2fa96,6ebXffTl4do,@ste7en777,2026-06-22T15:42:18Z,0,so FUCKIGN ANGRY,LABEL_0,0.9762810468673706,Anti,[],"[""fuckign"", ""so fuckign"", ""so""]",2,"the, to, you, of, iran"
0923b02690935b58,6ebXffTl4do,@ste7en777,2026-06-22T15:42:08Z,0,i am super careful as it ype,LABEL_1,0.7273383736610413,Neutral,[],"[""careful"", ""super"", ""am"", ""as"", ""it""]",-1,
62aecd03ff781305,6ebXffTl4do,@ste7en777,2026-06-22T15:41:54Z,0,trying to get trump killed now,LABEL_0,0.7143998742103577,Anti,[],"[""killed"", ""to get"", ""trying to"", ""trying"", ""now""]",0,"he, trump, the, but, and"
ca1a024dee639e07,6ebXffTl4do,@FBAagent,2026-06-22T01:34:43Z,0,Sounds like bibi called and epstein was invoked,LABEL_1,0.7999584078788757,Neutral,[],"[""and epstein"", ""sounds"", ""called"", ""bibi"", ""epstein""]",-1,
acde6b50c2369b7e,6ebXffTl4do,@salvatorecostanza8368,2026-06-22T01:35:04Z,0,God Bless Trump,LABEL_2,0.8855182528495789,Pro,[],"[""bless"", ""god bless"", ""god"", ""trump""]",1,"trump, god, bless, out, looks"
da393c865e005e5c,6ebXffTl4do,@YouLookingAtMeBro,2026-06-22T16:48:14Z,0,There will never be a deal while negotiating with the IRGC. Regime change must happen.,LABEL_0,0.675991952419281,Anti,"[{""text"": ""IRGC"", ""label"": ""ORG""}]","[""there will"", ""will never"", ""regime change"", ""happen"", ""negotiating""]",7,"and, not, he, the, they"
cb24f6ea81dbef56,6ebXffTl4do,@mishanhan526,2026-06-22T01:23:56Z,0,Fake news,LABEL_0,0.8548171520233154,Anti,[],"[""fake news"", ""fake"", ""news""]",4,"cbs, news, is, fake, the"
76b27d97b4699019,6ebXffTl4do,@ste7en777,2026-06-22T15:41:30Z,0,i canm't stand it any more,LABEL_0,0.9658875465393066,Anti,[],"[""stand"", ""any"", ""more"", ""it""]",7,"and, not, he, the, they"
afaca7d1b8ac640b,6ebXffTl4do,@tomasromero9573,2026-06-22T01:19:02Z,0,"Iran will become the United States favorite trading partner, like China and Vietnam! Trade not war!",LABEL_2,0.7007560729980469,Pro,"[{""text"": ""Iran"", ""label"": ""GPE""}, {""text"": ""the United States"", ""label"": ""GPE""}, {""text"": ""China"", ""label"": ""GPE""}, {""text"": ""Vietnam"", ""label"": ""GPE""}]","[""trading"", ""iran will"", ""vietnam"", ""trade"", ""china and""]",9,"the, iran, of, and, he"
06415d047e4c3e29,6ebXffTl4do,@journalistedisoncarter,2026-06-22T20:33:34Z,0,"Taking the straight of Hormuz would be the bloodiest war in my lifetime. An endless war and I'd bet my bottom dollar we'd lose 80,000 troops easy. Vietnam was 58,220.",LABEL_0,0.8850609660148621,Anti,"[{""text"": ""Hormuz"", ""label"": ""PERSON""}, {""text"": ""80,000"", ""label"": ""CARDINAL""}, {""text"": ""Vietnam"", ""label"": ""GPE""}, {""text"": ""58,220"", ""label"": ""CARDINAL""}]","[""my"", ""war"", ""would be"", ""80"", ""war in""]",4,"cbs, news, is, fake, the"
f20cd48603bb7454,6ebXffTl4do,@OurObservedWorld,2026-06-22T19:41:30Z,0,"I am so impressed with his Incredible Leadership Ability. He fixed our country, defeated Iran completely, everything is cheaper. And now, the straight of Harmus is going to be open, something Biden could never do.",LABEL_2,0.8377887606620789,Pro,"[{""text"": ""Incredible Leadership Ability"", ""label"": ""WORK_OF_ART""}, {""text"": ""Iran"", ""label"": ""GPE""}, {""text"": ""Harmus"", ""label"": ""ORG""}, {""text"": ""Biden"", ""label"": ""PERSON""}]","[""ability"", ""straight of"", ""impressed with"", ""impressed"", ""something""]",9,"the, iran, of, and, he"
10da504df1480624,6ebXffTl4do,@leoramos9909,2026-06-22T19:29:39Z,0,The Greatest President of the United States of America Donald J Trump. USA One of the hardest working Presidents ever.,LABEL_2,0.9279806017875671,Pro,"[{""text"": ""the United States of America"", ""label"": ""GPE""}, {""text"": ""Donald J Trump"", ""label"": ""PERSON""}]","[""of the"", ""of"", ""of america"", ""greatest"", ""the greatest""]",9,"the, iran, of, and, he"
966de4fb7fe909c7,6ebXffTl4do,@DanielleChappell-p2z,2026-06-22T19:21:59Z,0,This is crazy,LABEL_0,0.5516247153282166,Anti,[],"[""crazy"", ""this is"", ""this"", ""is""]",9,"the, to, trump, is, iran"
3240b482dfd43778,6ebXffTl4do,@DanielleChappell-p2z,2026-06-22T19:21:41Z,0,I don’t believe this,LABEL_0,0.8591961860656738,Anti,[],"[""don believe"", ""believe"", ""don"", ""this""]",9,"the, to, trump, is, iran"
d908b6a1e6d5b960,6ebXffTl4do,@supermankallel,2026-06-22T19:19:32Z,0,Trump is an example that money doesn't buy happiness and that if he truly loved God he wouldn't be an asshole threatening invasion of other countries and fighting with our allies for no reason.,LABEL_0,0.934259831905365,Anti,"[{""text"": ""Trump"", ""label"": ""ORG""}]","[""an"", ""that"", ""wouldn be"", ""that if"", ""truly""]",7,"and, not, he, the, they"
2a898eee3b52cc01,6ebXffTl4do,@Burl_Schnarl,2026-06-22T19:15:34Z,0,BS news about the BS admin,LABEL_0,0.5492041110992432,Anti,"[{""text"": ""BS"", ""label"": ""ORG""}]","[""bs"", ""the bs"", ""about the"", ""about"", ""news""]",2,"the, to, you, of, iran"
6d43e6ff1b3257b1,6ebXffTl4do,@Raptoraddict6610,2026-06-22T18:36:41Z,0,"Trump, once again, simply can't keep his foolish comments to himself.",LABEL_0,0.9411559700965881,Anti,"[{""text"": ""Trump"", ""label"": ""ORG""}]","[""keep his"", ""foolish"", ""once"", ""once again"", ""can keep""]",3,"the, to, he, trump, and"
d74d6e947c66ad43,6ebXffTl4do,@saiira4261,2026-06-22T18:20:13Z,0,Trump yo no Ablo de ti,LABEL_1,0.740997850894928,Neutral,[],"[""no"", ""trump""]",-1,
287a87623c6622f1,6ebXffTl4do,@JoeMcPearson,2026-06-22T01:23:36Z,0,Bro keep moving the goal post..make peace more confusing again,LABEL_0,0.5143857002258301,Anti,[],"[""moving"", ""make peace"", ""keep"", ""make"", ""more""]",4,"cbs, news, is, fake, the"
64502bfe81f51cc1,6ebXffTl4do,@pingamalinga,2026-06-22T01:20:33Z,0,This is a Wendys,LABEL_1,0.7772413492202759,Neutral,[],"[""this is"", ""this"", ""is""]",-1,
c1412f3a757eae0b,6ebXffTl4do,@m.lpardew9266,2026-06-22T01:21:28Z,0,Cbs is liars fake polls,LABEL_0,0.9184989929199219,Anti,"[{""text"": ""Cbs"", ""label"": ""ORG""}]","[""fake polls"", ""cbs is"", ""polls"", ""fake"", ""cbs""]",4,"cbs, news, is, fake, the"
a798060e5b3d141b,6ebXffTl4do,@iProtest_podcast,2026-06-22T17:35:33Z,0,CBS is compromised,LABEL_0,0.8273404836654663,Anti,"[{""text"": ""CBS"", ""label"": ""ORG""}]","[""cbs is"", ""cbs"", ""is""]",4,"cbs, news, is, fake, the"
a69e8e97a33973e4,6ebXffTl4do,@camnorwood157,2026-06-22T01:21:48Z,0,Fcbs.,LABEL_1,0.5692721009254456,Neutral,"[{""text"": ""Fcbs"", ""label"": ""ORG""}]",[],-1,
51715b8140f9c3ab,6ebXffTl4do,@sherryclay4323,2026-06-22T01:22:16Z,0,"President Trump don’t be concerned about Iran killers of Humanity. Pray Pray Pray to Lord Jesus Christ, HE is our Champion, prayers pushed the enemy back 👑🩸☦️🌈",LABEL_1,0.6087766885757446,Neutral,"[{""text"": ""Trump"", ""label"": ""PERSON""}, {""text"": ""Iran"", ""label"": ""GPE""}, {""text"": ""Humanity"", ""label"": ""NORP""}, {""text"": ""Pray Pray Pray"", ""label"": ""PERSON""}, {""text"": ""Jesus Christ"", ""label"": ""PERSON""}, {""text"": ""Champion"", ""label"": ""ORG""}, {""text"": ""\ud83d\udc51"", ""label"": ""PERSON""}, {""text"": ""\u2626"", ""label"": ""PERSON""}]","[""lord jesus"", ""don be"", ""is our"", ""about iran"", ""jesus christ""]",-1,
2816f77a512031ad,6ebXffTl4do,@joenobody7495,2026-06-22T17:09:57Z,0,The USA is a nobody. It's a nothing state. Trump is nothing person. Iran is a civilization. The USA is failing domestically because it fails as a civilization. Americans cannot even get healthcare. What use is a state that cannot meet the needs of its people?,LABEL_0,0.954624354839325,Anti,"[{""text"": ""USA"", ""label"": ""GPE""}, {""text"": ""Trump"", ""label"": ""PERSON""}, {""text"": ""Iran"", ""label"": ""GPE""}, {""text"": ""USA"", ""label"": ""GPE""}, {""text"": ""Americans"", ""label"": ""NORP""}]","[""civilization"", ""is"", ""the usa"", ""cannot"", ""state""]",8,"the, is, and, to, of"
3ebe21e6c7a84a48,6ebXffTl4do,@joenobody7495,2026-06-22T16:58:20Z,0,What a fool.,LABEL_0,0.9578659534454346,Anti,[],"[""fool"", ""what""]",1,"of, so, the, and, his"
e02d92f9f710c306,6ebXffTl4do,@Keith-x8b,2026-06-22T01:23:23Z,0,Hare Krishna Hare Krishna Krishna Krishna Hare Hare Hare Rama Hare Rama Rama Rama Hare Hare,LABEL_1,0.9023908972740173,Neutral,[],[],-1,
1f51c64333a9f4af,6ebXffTl4do,@melimelo1972,2026-06-22T01:35:07Z,0,to muck talking just do it,LABEL_0,0.7034945487976074,Anti,[],"[""just do"", ""talking"", ""do it"", ""do"", ""just""]",3,"the, to, he, trump, and"
2d48daa08794b591,6ebXffTl4do,@trainsacomin2088,2026-06-22T15:37:17Z,0,"Iran wasn't worth the effort, but TikTok lite is.got it",LABEL_0,0.5398678183555603,Anti,"[{""text"": ""Iran"", ""label"": ""GPE""}, {""text"": ""TikTok"", ""label"": ""ORG""}, {""text"": ""is.got"", ""label"": ""GPE""}]","[""iran wasn"", ""worth the"", ""wasn"", ""worth"", ""got""]",9,"the, to, trump, is, iran"
b57002b2b2e250f9,6ebXffTl4do,@kevinmurphy7608,2026-06-22T13:01:25Z,0,Taco Tuesday market odds: war crime threats or peace deal imminent?,LABEL_1,0.642058789730072,Neutral,"[{""text"": ""Taco"", ""label"": ""GPE""}, {""text"": ""Tuesday"", ""label"": ""DATE""}]","[""crime"", ""threats or"", ""tuesday"", ""war crime"", ""market""]",-1,
f104fed32b2766e8,6ebXffTl4do,@ElmerCarter-r9d,2026-06-22T01:46:00Z,0,Get it done Trump.❤,LABEL_2,0.7622178196907043,Pro,"[{""text"": ""Trump"", ""label"": ""PERSON""}]","[""it done"", ""get it"", ""done"", ""get"", ""it""]",8,"the, to, in, we, trump"
6305a5bc689c5666,6ebXffTl4do,@bwmcelya,2026-06-22T01:42:39Z,0,"CBS News, and the rest of the tripartite broadcast oligopoly, are now under the control trump and project2026. They have sold their soul. Why would I care what they say, about anything?",LABEL_0,0.8824363946914673,Anti,"[{""text"": ""CBS News"", ""label"": ""ORG""}, {""text"": ""project2026"", ""label"": ""ORG""}]","[""they"", ""are now"", ""they have"", ""sold"", ""say about""]",3,"the, to, he, trump, and"
db34c61c859a43f5,6ebXffTl4do,@MoonOwl2012,2026-06-22T01:42:55Z,0,Lies start wars and keep them going. The polls are not accurate. This was a huge victory for America and the world. Any nuclear threat from Iran has been neutralized and America controls the flow of oil in the world. Middle East countries in the region are now actively participating in reining in Iran and ending the nonsense wars and destruction. Godspeed President Trump. Time for the truth and peace.,LABEL_1,0.4389859437942505,Neutral,"[{""text"": ""America"", ""label"": ""GPE""}, {""text"": ""Iran"", ""label"": ""GPE""}, {""text"": ""America"", ""label"": ""GPE""}, {""text"": ""Middle East"", ""label"": ""LOC""}, {""text"": ""Iran"", ""label"": ""GPE""}, {""text"": ""Godspeed"", ""label"": ""PERSON""}, {""text"": ""Trump"", ""label"": ""PERSON""}]","[""and"", ""the"", ""wars and"", ""in"", ""wars""]",-1,
4e6ca7677b2df7fe,6ebXffTl4do,@tommylucero2931,2026-06-22T14:13:10Z,0,"He is not smart, his whole family has a bounty on their own lives for killing the 130 Iranian children, and trump was trying to buy their lives back by giving what Iran wants,",LABEL_0,0.9472878575325012,Anti,"[{""text"": ""130"", ""label"": ""CARDINAL""}, {""text"": ""Iranian"", ""label"": ""NORP""}, {""text"": ""Iran"", ""label"": ""GPE""}]","[""lives"", ""their"", ""on their"", ""iran wants"", ""giving""]",5,"the, and, of, is, to"
50a15597b1932fea,6ebXffTl4do,@ji94creates,2026-06-22T14:09:49Z,0,We are trying our best to find a common ground,LABEL_2,0.5753374695777893,Pro,[],"[""our best"", ""common"", ""we are"", ""ground"", ""trying""]",5,"our, is, and, this, in"
0d7b48f659c114d4,6ebXffTl4do,@jeanreed1975,2026-06-22T01:44:44Z,0,"Donald holds the U.S. and other countries in limbo, enjoying every twisted minute of fake - or is it? - deception.",LABEL_0,0.8859596848487854,Anti,"[{""text"": ""Donald"", ""label"": ""PERSON""}, {""text"": ""U.S."", ""label"": ""GPE""}, {""text"": ""minute"", ""label"": ""TIME""}]","[""holds the"", ""minute"", ""other countries"", ""countries in"", ""holds""]",5,"the, and, of, is, to"
9945a11b93d58ef5,6ebXffTl4do,@Aristotelezz,2026-06-22T01:44:53Z,0,"Clearly, Iran got a copy of The Art of the Deal. It's time the great negotiator, and FIFA peace price winner, himself steps forward.",LABEL_1,0.6653643846511841,Neutral,"[{""text"": ""Iran"", ""label"": ""GPE""}, {""text"": ""The Art of the Deal"", ""label"": ""WORK_OF_ART""}, {""text"": ""FIFA"", ""label"": ""ORG""}]","[""of the"", ""clearly"", ""winner"", ""fifa"", ""fifa peace""]",-1,
1d1d21d2346d4949,6ebXffTl4do,@eight-forty,2026-06-22T14:08:09Z,0,i don’t give a damn about gas prices. i want this war resolved,LABEL_0,0.824767529964447,Anti,[],"[""gas prices"", ""damn"", ""prices"", ""give"", ""gas""]",8,"the, is, and, to, of"
5c06e2fbe2d8ba57,6ebXffTl4do,@nickt5641,2026-06-22T14:04:05Z,0,That's a garbage report,LABEL_0,0.9564042091369629,Anti,[],"[""report"", ""that""]",4,"cbs, news, is, fake, the"
1694643be313d8d0,6ebXffTl4do,@craigdouglas9309,2026-06-22T01:46:10Z,0,The Sold Out Network News Channel,LABEL_1,0.8450558185577393,Neutral,[],"[""sold"", ""network"", ""channel"", ""news channel"", ""news""]",-1,
07bb258909d14e78,6ebXffTl4do,@jasonb6116,2026-06-22T01:42:34Z,0,CBS is liberal propaganda,LABEL_0,0.8748806715011597,Anti,"[{""text"": ""CBS"", ""label"": ""ORG""}]","[""liberal"", ""propaganda"", ""cbs is"", ""cbs"", ""is""]",4,"cbs, news, is, fake, the"
e52209b03da77ce5,6ebXffTl4do,@larrymoore8094,2026-06-22T01:46:11Z,0,"More problems than it solved…yup. So we sit on our duffs like Biden and the people before him and let Iran do as they wish. Even Obummer sending them pallets of cash… it’s a never ending conflict, and no one has a solution.",LABEL_0,0.7604345083236694,Anti,"[{""text"": ""Biden"", ""label"": ""PERSON""}, {""text"": ""Iran"", ""label"": ""GPE""}]","[""and"", ""than it"", ""cash"", ""of cash"", ""sending""]",3,"the, to, he, trump, and"
7c9bd8bc3a7bc612,6ebXffTl4do,@ToindLine,2026-06-22T13:09:54Z,0,"Why doesn’t the U.S. give some money to Iranians who suffered, especially if they could help change the regime? Doesn’t the U.S. need them?",LABEL_0,0.6097645163536072,Anti,"[{""text"": ""U.S."", ""label"": ""GPE""}, {""text"": ""Iranians"", ""label"": ""NORP""}, {""text"": ""U.S."", ""label"": ""GPE""}]","[""doesn"", ""especially"", ""they could"", ""money to"", ""change the""]",2,"the, to, you, of, iran"
33390b52bdf89d98,6ebXffTl4do,@The_Quiet_Room_Study_Music,2026-06-22T13:09:16Z,0,Trump makes threats. Iran closes the straits. Trump rolls over like the chump that he is!,LABEL_0,0.8509399890899658,Anti,"[{""text"": ""Trump"", ""label"": ""ORG""}, {""text"": ""Iran"", ""label"": ""GPE""}]","[""the straits"", ""chump"", ""makes threats"", ""straits"", ""rolls""]",9,"the, to, trump, is, iran"
8d504def0df2749f,6ebXffTl4do,@gabrielahunt3175,2026-06-22T09:07:04Z,0,TRUMP SHOULD BE CRAWLING BACK TO IRAN AND THE TABLE FOR NEGOTIATIONS,LABEL_0,0.5644492506980896,Anti,"[{""text"": ""TRUMP SHOULD BE CRAWLING BACK"", ""label"": ""ORG""}]","[""should be"", ""the table"", ""table"", ""trump should"", ""back to""]",5,"the, and, of, is, to"
4fd283345acd1460,6ebXffTl4do,@mohammedkhan9545,2026-06-22T13:06:55Z,0,"Why USA still so brutal, so ruthless on Iran even after murdering 50 political, military and intelligence high officials.",LABEL_0,0.941712498664856,Anti,"[{""text"": ""Iran"", ""label"": ""GPE""}, {""text"": ""50"", ""label"": ""CARDINAL""}]","[""so"", ""officials"", ""ruthless"", ""brutal"", ""50""]",1,"of, so, the, and, his"
eb40a898b43d556e,6ebXffTl4do,@GOD-help-us-all,2026-06-22T01:47:33Z,0,FINISH THE JOB. iran IS NEVER GOING TO BE HONEST..,LABEL_0,0.7782819271087646,Anti,"[{""text"": ""iran"", ""label"": ""GPE""}, {""text"": ""NEVER GOING TO BE HONEST"", ""label"": ""ORG""}]","[""finish"", ""the job"", ""is never"", ""finish the"", ""iran is""]",9,"the, to, trump, is, iran"
d443abe7c48504b1,6ebXffTl4do,@AllProCont-i3r,2026-06-22T13:06:28Z,0,BOYCOTT LOSER BARI WEISS & THE NEW CBS PROPAGANDA NETWORK,LABEL_1,0.7600128650665283,Neutral,"[{""text"": ""NETWORK"", ""label"": ""ORG""}]","[""network"", ""cbs propaganda"", ""the new"", ""boycott"", ""bari""]",-1,
8f3c63ffc05e4507,6ebXffTl4do,@theetrue4083,2026-06-22T13:02:18Z,0,you s. president trump really has no say regarding who or how a nation is attacked; it is all according to the direction of the zionism israel leadership; he just needs to learn better who to listen to: i trust and serve god’s word to life eternal.,LABEL_1,0.5636950135231018,Neutral,"[{""text"": ""zionism"", ""label"": ""NORP""}, {""text"": ""israel"", ""label"": ""GPE""}]","[""to"", ""who"", ""according to"", ""nation is"", ""according""]",-1,
ee2d52bc2bfe9d6f,6ebXffTl4do,@SouthStar-u7u,2026-06-22T14:22:09Z,0,"Look, the failure of past , the past stupy are very tough to clear, frank lee , to get unstupe.",LABEL_0,0.5845906734466553,Anti,"[{""text"": ""frank lee"", ""label"": ""PERSON""}]","[""past"", ""the past"", ""tough"", ""lee"", ""failure of""]",9,"the, to, trump, is, iran"
fbcd251d7cc788d9,6ebXffTl4do,@aly8380,2026-06-22T01:42:24Z,0,"Threatening this threatening that. Trump talks too much. Speak softly and carry a big stick. Trump can't even win a spat with an Italian woman. laughing out loud Iran like Meloni is making Trump look like a ""chump.""",LABEL_0,0.9242043495178223,Anti,"[{""text"": ""Italian"", ""label"": ""NORP""}, {""text"": ""Iran"", ""label"": ""GPE""}, {""text"": ""Meloni"", ""label"": ""PERSON""}, {""text"": ""Trump"", ""label"": ""PERSON""}]","[""threatening"", ""like"", ""trump"", ""trump look"", ""chump""]",9,"the, to, trump, is, iran"
fecfc1ceeb36fdd6,6ebXffTl4do,@RhymesandRevelations1,2026-06-22T01:36:43Z,0,Do you think ANY Democrat will say anything positive done by a Republican President? That was a waste of time.,LABEL_0,0.904923677444458,Anti,"[{""text"": ""Democrat"", ""label"": ""NORP""}, {""text"": ""Republican"", ""label"": ""NORP""}]","[""that was"", ""say anything"", ""democrat"", ""do you"", ""positive""]",8,"the, is, and, to, of"
90c7f933715f772f,6ebXffTl4do,@Oshiiiiiiiiiiii,2026-06-22T01:39:14Z,0,I don’t want President Vance! He is a liar.,LABEL_0,0.9521106481552124,Anti,"[{""text"": ""Vance"", ""label"": ""PERSON""}]","[""don want"", ""liar"", ""vance"", ""want"", ""he is""]",0,"he, trump, the, but, and"
9a7839aacf1bc056,6ebXffTl4do,@jtangalang,2026-06-22T15:28:08Z,0,Not one mention that Isreal has completely undermined the peace agreement,LABEL_0,0.8339018225669861,Anti,"[{""text"": ""one"", ""label"": ""CARDINAL""}, {""text"": ""Isreal"", ""label"": ""ORG""}]","[""mention"", ""not one"", ""isreal"", ""peace agreement"", ""completely""]",4,"cbs, news, is, fake, the"
8eeca27bd09afc73,6ebXffTl4do,@ydne,2026-06-22T01:37:03Z,0,"However the Hormuz precedent ended up being set, the world can't exist in its current economic form with it.",LABEL_0,0.7353388667106628,Anti,"[{""text"": ""Hormuz"", ""label"": ""PERSON""}]","[""economic"", ""current"", ""however"", ""hormuz"", ""set""]",3,"the, to, he, trump, and"
57e6e57654d1fdc9,6ebXffTl4do,@ToneStevens,2026-06-22T01:37:15Z,0,That poll was only given to one set of voters .,LABEL_1,0.7018588781356812,Neutral,[],"[""was only"", ""voters"", ""given"", ""that poll"", ""set""]",-1,
fc3ec585cbf6c2b3,6ebXffTl4do,@Andy-pz1pl,2026-06-22T15:14:37Z,0,Trump is the Orange Clown 🤡 nobody takes seriously!,LABEL_0,0.9693356156349182,Anti,"[{""text"": ""Trump"", ""label"": ""ORG""}, {""text"": ""the Orange Clown \ud83e\udd21"", ""label"": ""ORG""}]","[""the orange"", ""seriously"", ""orange"", ""nobody"", ""clown""]",3,"the, to, he, trump, and"
1b94c1e67197fe8c,6ebXffTl4do,@Camaro_540,2026-06-22T01:37:27Z,0,"No great loss, the first deal document wasn't very good anyways.",LABEL_0,0.6574462056159973,Anti,"[{""text"": ""first"", ""label"": ""ORDINAL""}]","[""loss"", ""wasn"", ""the first"", ""first"", ""great""]",3,"the, to, he, trump, and"
3a5df5297dee4627,6ebXffTl4do,@davidlee50,2026-06-22T01:37:47Z,0,Trump needs Medical Exam.this is the same problem we had with Biden. I'm speaking out because I can see and view this about him from multiple Media Feeds.,LABEL_0,0.568128228187561,Anti,"[{""text"": ""Trump"", ""label"": ""ORG""}, {""text"": ""Medical Exam.this"", ""label"": ""ORG""}, {""text"": ""Biden"", ""label"": ""PERSON""}]","[""view"", ""about him"", ""speaking"", ""trump needs"", ""can see""]",3,"the, to, he, trump, and"
63ef538ee020207e,6ebXffTl4do,@MrChristo452,2026-06-22T01:37:47Z,0,"If Trump just shut the hell up, and close his mouth, will makes us safer.",LABEL_0,0.6102121472358704,Anti,"[{""text"": ""Trump"", ""label"": ""PERSON""}]","[""just shut"", ""shut the"", ""hell up"", ""trump just"", ""shut""]",3,"the, to, he, trump, and"
91c3695e3a118b29,6ebXffTl4do,@OurHouseofLife,2026-06-22T15:09:49Z,0,It's worth the cost if we get it done. The kindest way to end a war is quickly.,LABEL_2,0.4901023209095001,Pro,[],"[""it done"", ""worth the"", ""if we"", ""it"", ""we get""]",0,"the, to, is, it, war"
5084b984234e6fbf,6ebXffTl4do,@dharmatmma,2026-06-22T01:39:14Z,0,😂😂 Pakistan mediator - ha ha ha - fool of fools 😂😂😂😂,LABEL_0,0.7920935153961182,Anti,"[{""text"": ""Pakistan"", ""label"": ""GPE""}]","[""pakistan"", ""fools"", ""fool"", ""of""]",7,"and, not, he, the, they"
237fe2d33af00ca5,6ebXffTl4do,@charlessmith1144,2026-06-22T01:41:55Z,0,CBSSucks.,LABEL_0,0.9670168161392212,Anti,[],[],0,"he, trump, the, but, and"
11b891d537383627,6ebXffTl4do,@philipfontaine8964,2026-06-22T01:39:21Z,0,"CBS, not worth the cost of the headache that they will give you.",LABEL_0,0.9064699411392212,Anti,"[{""text"": ""CBS"", ""label"": ""ORG""}]","[""they will"", ""not worth"", ""cost of"", ""worth the"", ""the cost""]",8,"the, is, and, to, of"
f91cc4869c9101d5,6ebXffTl4do,@wilsonOD2,2026-06-22T01:40:01Z,0,The king of threats,LABEL_0,0.5453576445579529,Anti,[],"[""king"", ""threats"", ""of"", ""the""]",8,"the, is, and, to, of"
c09880542e36c0fc,6ebXffTl4do,@user-gj8rw8tn7u,2026-06-22T01:40:10Z,0,The Wrangler baby! And Go Bulls! ❤,LABEL_2,0.9415806531906128,Pro,"[{""text"": ""Wrangler"", ""label"": ""PERSON""}, {""text"": ""Go Bulls"", ""label"": ""ORG""}]","[""bulls"", ""go"", ""and"", ""the""]",0,"the, to, is, it, war"
dfe17d691454457b,6ebXffTl4do,@gregoryclifford6938,2026-06-22T14:40:24Z,0,Lecture and spin are Vance's stock-and-trade.,LABEL_1,0.8545058369636536,Neutral,"[{""text"": ""Vance"", ""label"": ""ORG""}]","[""spin"", ""trade"", ""stock"", ""vance"", ""and""]",-1,
2c1f7529bae8663c,6ebXffTl4do,@6time686,2026-06-22T01:40:17Z,0,This is hilarious but not surprising.,LABEL_2,0.6460744738578796,Pro,[],"[""this is"", ""but"", ""not"", ""this"", ""is""]",5,"our, is, and, this, in"
be9c628af5edea5a,6ebXffTl4do,@AmericatheBeautiful-p4z,2026-06-22T14:34:39Z,0,"Trump gets his new orders every Shabbat, then every Sunday Trump blasphemes every American Christián, --as he did on Easter, --and Christians vote for him. Wack.",LABEL_0,0.8641849756240845,Anti,"[{""text"": ""Shabbat"", ""label"": ""PERSON""}, {""text"": ""Sunday"", ""label"": ""DATE""}, {""text"": ""American"", ""label"": ""NORP""}, {""text"": ""Easter"", ""label"": ""LOC""}, {""text"": ""Christians"", ""label"": ""NORP""}]","[""every"", ""gets his"", ""sunday"", ""vote for"", ""he did""]",3,"the, to, he, trump, and"
321d5feb2209e7a4,6ebXffTl4do,@noneyabidness8562,2026-06-22T14:23:36Z,0,Mainstream media is propaganda. Cory booker is a puppet you’re not fooling anybody dude we know AIPAC paid you 😂 hush puppy,LABEL_0,0.8391184210777283,Anti,"[{""text"": ""AIPAC"", ""label"": ""ORG""}]","[""you"", ""puppet"", ""cory booker"", ""media is"", ""we know""]",9,"the, to, trump, is, iran"
47b5c3cf72a78ef9,6ebXffTl4do,@jennifertodd4339,2026-06-22T14:22:51Z,0,IMPEACH THE MADMAN ALREADY! This is our country too,LABEL_0,0.45753008127212524,Anti,[],"[""is our"", ""impeach"", ""our country"", ""too"", ""already""]",5,"the, and, of, is, to"
6f59cd51579f59e2,6ebXffTl4do,@gmoneymalone1393,2026-06-22T09:07:54Z,0,Trump you’re first!❤,LABEL_2,0.8149033784866333,Pro,"[{""text"": ""first"", ""label"": ""ORDINAL""}]","[""first"", ""you re"", ""re"", ""you"", ""trump""]",8,"the, to, in, we, trump"
212bf69bc3069121,6ebXffTl4do,@Joseph-n5w9b,2026-06-22T08:35:36Z,0,Clown,LABEL_0,0.8777655363082886,Anti,[],"[""clown""]",3,"the, to, he, trump, and"
b75b14a8a588dc39,6ebXffTl4do,@wanttoliveinjapan,2026-06-22T08:54:11Z,0,Past 40yrs every president before Trump has tried to keep peace in Iran i don't know the history of conflicts or war or what started the conflict or who's to blame i think 40yrs is wasted 🤔 time trying to keep peace over there democrats or republican can't fix the issue because it's 40yrs of conflicts with everyone who has issues with Iran and neighbors and every new president has a different kind of solution to keep peace but never works out for anyone 😢 sad really,LABEL_0,0.8958121538162231,Anti,"[{""text"": ""Trump"", ""label"": ""ORG""}, {""text"": ""Iran"", ""label"": ""GPE""}, {""text"": ""40yrs"", ""label"": ""DATE""}, {""text"": ""\ud83e\udd14"", ""label"": ""PERSON""}, {""text"": ""democrats"", ""label"": ""NORP""}, {""text"": ""republican"", ""label"": ""NORP""}, {""text"": ""40yrs"", ""label"": ""CARDINAL""}, {""text"": ""Iran"", ""label"": ""GPE""}]","[""or"", ""keep"", ""peace"", ""has"", ""every""]",5,"the, and, of, is, to"
94169bbd3e48424b,6ebXffTl4do,@Skipperthekitty,2026-06-22T03:07:11Z,0,"Just wanna thank MAGA yet again for voting for him, never vote again",LABEL_2,0.4966297447681427,Pro,[],"[""again"", ""wanna"", ""for"", ""maga"", ""thank""]",6,"and, for, again, exceptional, perfect"
e7e7f0b987a6d519,6ebXffTl4do,@Righton23,2026-06-22T03:08:06Z,0,😂 he looks great.,LABEL_2,0.9681763648986816,Pro,[],"[""he looks"", ""great"", ""looks"", ""he""]",4,"the, is, of, this, he"
5c784970d01ce369,6ebXffTl4do,@MansuThorne-g5x5m,2026-06-22T03:08:37Z,0,Finished the job don't negotiate with terrorists Israel don't stop Finished the job,LABEL_0,0.5736053586006165,Anti,"[{""text"": ""Israel"", ""label"": ""GPE""}]","[""finished"", ""the job"", ""job"", ""don"", ""don negotiate""]",9,"the, to, trump, is, iran"
238cd33620e8d51a,6ebXffTl4do,@larrybeal8492,2026-06-22T03:08:45Z,0,Why is the cost a big deal obama and Biden wasted far money money then that,LABEL_0,0.8318986296653748,Anti,"[{""text"": ""Biden"", ""label"": ""PERSON""}]","[""money"", ""why is"", ""big deal"", ""wasted"", ""big""]",8,"the, is, and, to, of"
a19f4a17aab4a916,6ebXffTl4do,@bigbadmi213,2026-06-22T03:10:02Z,0,"All will be solved in two weeks, guys",LABEL_2,0.6364344954490662,Pro,"[{""text"": ""two weeks"", ""label"": ""DATE""}]","[""weeks"", ""two weeks"", ""guys"", ""solved"", ""two""]",6,"and, for, again, exceptional, perfect"
16567e02b0f1b8a0,6ebXffTl4do,@margaretWestminster,2026-06-22T03:10:06Z,0,Looks like the Israeli prime minister is involved. Also why is Israel bombing Beruit ?,LABEL_0,0.8072043657302856,Anti,"[{""text"": ""Israeli"", ""label"": ""NORP""}, {""text"": ""Israel"", ""label"": ""GPE""}, {""text"": ""Beruit"", ""label"": ""ORG""}]","[""bombing"", ""why is"", ""israeli"", ""like the"", ""involved""]",4,"cbs, news, is, fake, the"
7335a98577a25a0b,6ebXffTl4do,@GarikayiSereko-w1c,2026-06-22T04:40:39Z,0,Trump is looking foolish now,LABEL_0,0.9400427937507629,Anti,"[{""text"": ""Trump"", ""label"": ""ORG""}]","[""foolish"", ""looking"", ""now"", ""trump is"", ""trump""]",9,"the, to, trump, is, iran"
376214a3f3827cce,6ebXffTl4do,@SpokaneDude1000,2026-06-22T03:11:32Z,0,Demented Grandpa dropping more expletives. So Presidential.,LABEL_0,0.5971793532371521,Anti,"[{""text"": ""Demented Grandpa"", ""label"": ""PERSON""}]","[""presidential"", ""grandpa"", ""more"", ""so""]",2,"the, to, you, of, iran"
4fd5f46deeb2f6d0,6ebXffTl4do,@918Stronghold,2026-06-22T03:11:53Z,0,"Threats and promises, now simultaneously. 🎉",LABEL_2,0.7213884592056274,Pro,[],"[""threats and"", ""promises"", ""threats"", ""now"", ""and""]",2,"to, job, iran, good, like"
7e37821acab15919,6ebXffTl4do,@GutterA1,2026-06-22T03:12:57Z,0,"No choice. Venezuela, Iran is about China. Dollar almost fell and China would be the standard in which currency is traded in. That’s what’s it’s all about. No mistake we went for those two when a new trading standard is about to rise",LABEL_1,0.5922783613204956,Neutral,"[{""text"": ""Venezuela"", ""label"": ""GPE""}, {""text"": ""Iran"", ""label"": ""GPE""}, {""text"": ""China"", ""label"": ""GPE""}, {""text"": ""China"", ""label"": ""GPE""}, {""text"": ""two"", ""label"": ""CARDINAL""}]","[""standard"", ""about"", ""china"", ""no"", ""is""]",-1,
57e005408628b78c,6ebXffTl4do,@sjferrell219,2026-06-22T03:14:06Z,0,Who the hell did you poll? Hahaha,LABEL_0,0.7984229922294617,Anti,"[{""text"": ""Hahaha"", ""label"": ""GPE""}]","[""did you"", ""hahaha"", ""the hell"", ""hell"", ""did""]",2,"the, to, you, of, iran"
c5edaa969019fe42,6ebXffTl4do,@stube49,2026-06-22T04:34:36Z,0,I hope Lindsey Graham is correct!,LABEL_2,0.4942477345466614,Pro,"[{""text"": ""Lindsey Graham"", ""label"": ""PERSON""}]","[""lindsey graham"", ""graham is"", ""correct"", ""hope"", ""lindsey""]",0,"the, to, is, it, war"
46fed1fa4b12884b,6ebXffTl4do,@Mike-jm5wt,2026-06-22T03:15:51Z,0,"Iran wasn't building all those underground facilities to make ice cream sandwiches, somebody had to stop them before we get a crazier version of North Korea",LABEL_0,0.7203453183174133,Anti,"[{""text"": ""Iran"", ""label"": ""GPE""}, {""text"": ""North Korea"", ""label"": ""GPE""}]","[""iran wasn"", ""had to"", ""ice"", ""korea"", ""version of""]",2,"the, to, you, of, iran"
9c21bae09f0f1e97,6ebXffTl4do,@johnathanrodgers2177,2026-06-22T03:15:53Z,0,It's 3.44 in Alabama,LABEL_1,0.8682401180267334,Neutral,"[{""text"": ""3.44"", ""label"": ""CARDINAL""}, {""text"": ""Alabama"", ""label"": ""GPE""}]","[""in"", ""it""]",-1,
a546ec8f21f1dae7,6ebXffTl4do,@thedubbman4453,2026-06-22T03:17:32Z,0,Damn will the Obama's make a deflecting presence of happiness this week like last week?,LABEL_0,0.5409626364707947,Anti,"[{""text"": ""Damn"", ""label"": ""PRODUCT""}, {""text"": ""Obama"", ""label"": ""PERSON""}, {""text"": ""this week"", ""label"": ""DATE""}, {""text"": ""last week"", ""label"": ""DATE""}]","[""week"", ""deflecting"", ""happiness"", ""will the"", ""damn""]",1,"of, so, the, and, his"
cf4054d31e5decf4,6ebXffTl4do,@rasmussenricharddee5336,2026-06-22T03:18:26Z,0,"Trump should put the blame on the real bad guys Netanyahu and the IDF Zionist , they are hell bent on creating a Genocide within Lebanon and stealing more land for the expansion of Israel ..",LABEL_0,0.9219391345977783,Anti,"[{""text"": ""Trump"", ""label"": ""ORG""}, {""text"": ""Netanyahu"", ""label"": ""PERSON""}, {""text"": ""Zionist"", ""label"": ""NORP""}, {""text"": ""Genocide"", ""label"": ""PERSON""}, {""text"": ""Lebanon"", ""label"": ""GPE""}, {""text"": ""Israel"", ""label"": ""GPE""}]","[""the"", ""on"", ""of israel"", ""bent"", ""the real""]",5,"the, and, of, is, to"
f007690e3468de00,6ebXffTl4do,@leonardm6858,2026-06-22T03:19:34Z,0,The government of Israel has too much control over both US political parties. The extent of control is shocking.,LABEL_0,0.8599827289581299,Anti,"[{""text"": ""Israel"", ""label"": ""GPE""}, {""text"": ""US"", ""label"": ""GPE""}]","[""control"", ""of israel"", ""parties"", ""too much"", ""israel has""]",5,"the, and, of, is, to"
cc812bd698b33af1,6ebXffTl4do,@AlejandroMartinez-z3t,2026-06-22T04:30:35Z,0,Does what he does that clown trump real state clown just fight wars and fights wars without winning hahaha laughing out loud go back to real state selling dogs houses,LABEL_0,0.8583889007568359,Anti,[],"[""wars"", ""state"", ""real"", ""does"", ""clown""]",5,"the, and, of, is, to"
f73c69074f52134c,6ebXffTl4do,@plightshouse,2026-06-22T03:20:44Z,0,"Denocrats amd republicans need to team up, we're on the same team!",LABEL_1,0.47031959891319275,Neutral,"[{""text"": ""republicans"", ""label"": ""NORP""}]","[""team"", ""republicans"", ""we re"", ""the same"", ""same""]",-1,
9bc3c8499dded0c4,6ebXffTl4do,@mytube2013,2026-06-22T04:28:40Z,0,It’s the weirdest war,LABEL_0,0.7676754593849182,Anti,[],"[""it the"", ""war"", ""it"", ""the""]",5,"the, and, of, is, to"
bc5afb7aa6ab7ade,6ebXffTl4do,@JamesMathiasKennedy,2026-06-22T03:07:26Z,0,Iran won basically. They come out on top.,LABEL_2,0.6428554654121399,Pro,"[{""text"": ""Iran"", ""label"": ""GPE""}]","[""iran won"", ""out on"", ""on top"", ""top"", ""come out""]",4,"the, is, of, this, he"
7d46a8186f60606f,6ebXffTl4do,@LeeOsburn,2026-06-22T03:05:46Z,0,Nice thumbnail. His perfect and exceptional health definitely isn't perfect and exceptional!,LABEL_2,0.46752649545669556,Pro,[],"[""thumbnail"", ""health"", ""nice"", ""isn"", ""and""]",6,"and, for, again, exceptional, perfect"
a80b85045cb4ff15,6ebXffTl4do,@peterviceroy1592,2026-06-22T02:52:33Z,0,Can’t stand the CBS baloney. CBS is lying. They’re FAKE NEWS.,LABEL_0,0.9651409983634949,Anti,"[{""text"": ""CBS"", ""label"": ""ORG""}, {""text"": ""CBS"", ""label"": ""ORG""}]","[""cbs"", ""re fake"", ""can stand"", ""lying"", ""stand""]",4,"cbs, news, is, fake, the"
0317597c7f2e0400,6ebXffTl4do,@maryyoung5190,2026-06-22T04:41:11Z,0,Where did you get these figures mad magazine,LABEL_1,0.783066987991333,Neutral,[],"[""figures"", ""where"", ""did you"", ""get these"", ""these""]",-1,
d8bb5524671877d7,6ebXffTl4do,@vpholdings1905,2026-06-22T02:53:55Z,0,Dozie Donald needs to go! 🎉,LABEL_2,0.6225396990776062,Pro,"[{""text"": ""Dozie Donald"", ""label"": ""PERSON""}]","[""donald"", ""to go"", ""needs to"", ""needs"", ""go""]",9,"the, iran, of, and, he"
ba14b7878ed51fcc,6ebXffTl4do,@kimtroutman5063,2026-06-22T02:54:46Z,0,Lindsey --- clueless sychophant --- useless in congress I kinda feel sorry for Vance (just a little) cause it seems he is often given false information and sticks his neck out for trump only to be redirected. HOWEVER.,LABEL_0,0.9537791609764099,Anti,"[{""text"": ""congress"", ""label"": ""ORG""}, {""text"": ""Vance"", ""label"": ""PERSON""}]","[""sorry for"", ""neck"", ""kinda"", ""feel sorry"", ""only to""]",3,"the, to, he, trump, and"
be384ec36d169bb0,6ebXffTl4do,@RBoycuda6,2026-06-22T02:56:46Z,0,"Trump is a PATHETIC LIAR, never was a peace agreement. Just another distraction from the Epstein files!",LABEL_0,0.9544511437416077,Anti,"[{""text"": ""Trump"", ""label"": ""ORG""}, {""text"": ""Epstein"", ""label"": ""PERSON""}]","[""never was"", ""just another"", ""peace agreement"", ""pathetic"", ""agreement""]",5,"the, and, of, is, to"
d80975307d2e056b,6ebXffTl4do,@PillPushaT,2026-06-22T02:57:16Z,0,I love how MSM & politicians frame this. As if this is Iran’s doing & Israel isn’t the root of all the world’s problems,LABEL_0,0.5873547196388245,Anti,"[{""text"": ""MSM &"", ""label"": ""ORG""}, {""text"": ""Iran"", ""label"": ""GPE""}, {""text"": ""Israel"", ""label"": ""GPE""}]","[""is iran"", ""love"", ""if this"", ""of all"", ""isn""]",9,"the, to, trump, is, iran"
b35a3af154f8fdb0,6ebXffTl4do,@meatchuckg,2026-06-22T02:57:28Z,0,He's dying. But he's not beautiful.,LABEL_0,0.8410550355911255,Anti,[],"[""but he"", ""beautiful"", ""he not"", ""he"", ""but""]",0,"he, trump, the, but, and"
bdf969e5310de0bd,6ebXffTl4do,@janmichaud8042,2026-06-22T02:57:49Z,0,PRESIDENT TRUMP LOOKS EXHAUSTED 😒BLESSINGS PRESIDENT TRUMP✝️🙏Jan,LABEL_2,0.9236600995063782,Pro,"[{""text"": ""TRUMP"", ""label"": ""ORG""}, {""text"": ""TRUMP"", ""label"": ""ORG""}]","[""president trump"", ""president"", ""exhausted"", ""trump looks"", ""looks""]",8,"the, to, in, we, trump"
e18c33d03be21151,6ebXffTl4do,@roywhite8504,2026-06-22T02:57:57Z,0,This administration is going to go down in history as the biggest mistake our leaders have made and Trumps legacy will be maybe the worst ever. He might make Biden look good! 💩,LABEL_0,0.910400927066803,Anti,"[{""text"": ""Trumps"", ""label"": ""PERSON""}, {""text"": ""Biden"", ""label"": ""PERSON""}]","[""this administration"", ""legacy"", ""ever he"", ""made and"", ""look good""]",5,"the, and, of, is, to"
ee157e11e5ae18a1,6ebXffTl4do,@Big.Meech22,2026-06-22T02:58:20Z,0,"You can only try to deal with Iran, but some people don’t want peace. Doesn’t surprise me when a country like Iran funds terrorist groups. But you gotta try",LABEL_0,0.7760195732116699,Anti,"[{""text"": ""Iran"", ""label"": ""GPE""}, {""text"": ""Iran"", ""label"": ""GPE""}]","[""try"", ""but"", ""you"", ""to deal"", ""people don""]",0,"he, trump, the, but, and"
10af50b151db90b1,6ebXffTl4do,@Disciple1963,2026-06-22T04:49:02Z,0,you hear iran you come out there in that strait and they going to plug your toot horn up ooh ooh noo noo,LABEL_1,0.48669755458831787,Neutral,"[{""text"": ""iran"", ""label"": ""GPE""}, {""text"": ""noo noo"", ""label"": ""PERSON""}]","[""you"", ""out there"", ""in that"", ""iran you"", ""hear""]",-1,
aea714da4a205536,6ebXffTl4do,@Gardner-g9b,2026-06-22T04:46:49Z,0,Loud mouth fool. Just refuses to behave,LABEL_0,0.9668915271759033,Anti,[],"[""loud mouth"", ""fool"", ""mouth"", ""loud"", ""just""]",2,"the, to, you, of, iran"
8f675325e17f53d6,6ebXffTl4do,@Grumpa01,2026-06-22T03:00:19Z,0,Who is Trumps biggest threat ? IRAN OR THE DEMOCRATS ??,LABEL_0,0.6812360882759094,Anti,"[{""text"": ""Trumps"", ""label"": ""PERSON""}, {""text"": ""DEMOCRATS"", ""label"": ""NORP""}]","[""who is"", ""biggest"", ""threat"", ""democrats"", ""trumps""]",9,"the, to, trump, is, iran"
0e774b220bb4f967,6ebXffTl4do,@michaelwilcox5168,2026-06-22T03:00:37Z,0,The Art of the Kneel. Pathetic loser.,LABEL_0,0.9276031255722046,Anti,[],"[""pathetic"", ""the art"", ""art"", ""art of"", ""loser""]",5,"the, and, of, is, to"
613b0bb25e7fe1d6,6ebXffTl4do,@billyrubin3108,2026-06-22T04:45:15Z,0,Worst president ever! Please vote to remove this cretin.,LABEL_0,0.9692071676254272,Anti,[],"[""worst president"", ""president ever"", ""worst"", ""vote"", ""remove""]",9,"the, to, trump, is, iran"
0650fdd900755be7,6ebXffTl4do,@TGS940,2026-06-22T03:02:29Z,0,Trump did say we “ obliterated them by 90% of their military “ lies lies lies. And I voted for the lier. 🤦🏼‍♂️,LABEL_0,0.8940987586975098,Anti,"[{""text"": ""90%"", ""label"": ""PERCENT""}]","[""lies"", ""lies lies"", ""lies and"", ""of their"", ""obliterated them""]",8,"the, is, and, to, of"
1b9a25488077e83e,6ebXffTl4do,@mikecoli8322,2026-06-22T03:02:57Z,0,CBS fake news!,LABEL_0,0.9077784419059753,Anti,"[{""text"": ""CBS"", ""label"": ""ORG""}]","[""cbs fake"", ""fake news"", ""fake"", ""news"", ""cbs""]",4,"cbs, news, is, fake, the"
a9b1606c9758e0e5,6ebXffTl4do,@adriansessions5580,2026-06-22T04:43:46Z,0,"Trump can only threaten. Just as his father threatened him. He cannot escape the family sickness. Now, the whole world becomes sick.",LABEL_0,0.9589105248451233,Anti,"[{""text"": ""Trump"", ""label"": ""ORG""}]","[""the whole"", ""can only"", ""trump can"", ""threaten"", ""now the""]",3,"the, to, he, trump, and"
032df83a7d0fc7e8,6ebXffTl4do,@bernardqblack,2026-06-22T03:04:14Z,0,Time to negotiate is over. Bring it down!,LABEL_1,0.45853424072265625,Neutral,[],"[""time to"", ""to negotiate"", ""bring"", ""negotiate"", ""down""]",-1,
0bee6a18a811c362,6ebXffTl4do,@dannyrichards-nb9sh,2026-06-22T03:04:17Z,0,Im not surprised,LABEL_1,0.6305161714553833,Neutral,[],"[""surprised"", ""im"", ""not""]",-1,
d46f7714d984b9bd,6ebXffTl4do,@colleenmccannbarrios9099,2026-06-22T04:42:28Z,0,I think trump is the one keeping the war going There is still money to be made and Epstein’s is resl,LABEL_1,0.5968096852302551,Neutral,"[{""text"": ""one"", ""label"": ""CARDINAL""}, {""text"": ""Epstein\u2019s"", ""label"": ""PERSON""}]","[""is"", ""money to"", ""made and"", ""and epstein"", ""be made""]",-1,
d1ab80a277b46b78,6ebXffTl4do,@Lysol-b,2026-06-22T03:21:14Z,0,This is a cluster 😊,LABEL_2,0.8378204703330994,Pro,[],"[""this is"", ""this"", ""is""]",4,"the, is, of, this, he"
af4715606024ba5f,6ebXffTl4do,@PopaJ-l9k,2026-06-22T03:21:28Z,0,. It was only Dennis the Menace as a peace keeper.,LABEL_1,0.7681186199188232,Neutral,"[{""text"": ""Dennis"", ""label"": ""PERSON""}, {""text"": ""Menace"", ""label"": ""ORG""}]","[""was only"", ""it was"", ""only"", ""peace"", ""as""]",-1,
085417ce26ce13c0,6ebXffTl4do,@GugalsuxAndUtubetoo,2026-06-22T03:25:19Z,0,We all know what the problems are!,LABEL_0,0.6192746162414551,Anti,[],"[""know what"", ""we all"", ""all know"", ""problems"", ""what the""]",9,"the, to, trump, is, iran"
5e2a874cf8154a5d,6ebXffTl4do,@professor-dad,2026-06-22T03:27:04Z,0,Trump threats are utterly meaningless. He should have put boots on the ground and gone all in from day one. He chickened out and now it is a disaster. What an embarrassment for the American people and total betrayal of the Iranian people to whom he promised to have their backs. Total disgrace! 🌮🌮🌮🌮🌮,LABEL_0,0.9694962501525879,Anti,"[{""text"": ""from day one"", ""label"": ""DATE""}, {""text"": ""American"", ""label"": ""NORP""}, {""text"": ""Iranian"", ""label"": ""NORP""}, {""text"": ""\ud83c\udf2e\ud83c\udf2e\ud83c\udf2e\ud83c\udf2e"", ""label"": ""DATE""}]","[""total"", ""he"", ""have"", ""people"", ""and""]",5,"the, and, of, is, to"
55c1a5996af7efce,6ebXffTl4do,@timhodny8665,2026-06-22T03:39:55Z,0,Yes you're blowing by a nuclear bomb from Iran you be crying wolf,LABEL_0,0.8346775770187378,Anti,"[{""text"": ""Iran"", ""label"": ""GPE""}, {""text"": ""wolf"", ""label"": ""PERSON""}]","[""you"", ""crying wolf"", ""nuclear bomb"", ""yes"", ""blowing""]",2,"the, to, you, of, iran"
bfc87ea15b23ca82,6ebXffTl4do,@telegraphtelegraphovich4670,2026-06-22T03:40:27Z,0,He goes to tne G7 to Lie like TRUMPNOCCHIO does best😂😂😂😂😂😂,LABEL_1,0.5101348757743835,Neutral,"[{""text"": ""G7"", ""label"": ""GPE""}, {""text"": ""Lie"", ""label"": ""GPE""}, {""text"": ""TRUMPNOCCHIO"", ""label"": ""ORG""}]","[""g7"", ""goes"", ""does"", ""best"", ""to""]",-1,
c41204bb52748366,6ebXffTl4do,@benritchsmith,2026-06-22T03:40:51Z,0,CBS sucks,LABEL_0,0.9603176712989807,Anti,"[{""text"": ""CBS"", ""label"": ""ORG""}]","[""cbs sucks"", ""sucks"", ""cbs""]",4,"cbs, news, is, fake, the"
69af4b919467813a,6ebXffTl4do,@wokeboogeyman,2026-06-22T03:41:05Z,0,THE MEDIA LIED FOR TRUMP TO TRY AND MAKE HIM LOOK GOOD FOR THE G7.😂,LABEL_0,0.6723892092704773,Anti,"[{""text"": ""TRUMP"", ""label"": ""ORG""}]","[""the media"", ""make him"", ""g7"", ""and make"", ""look good""]",8,"the, is, and, to, of"
78b0f809117acb01,6ebXffTl4do,@jeffers7176,2026-06-22T03:42:12Z,0,I don’t believe that poll. We all know that Islam will never stop being a threat to the world.,LABEL_0,0.8424381017684937,Anti,"[{""text"": ""Islam"", ""label"": ""ORG""}]","[""that"", ""know that"", ""will never"", ""islam"", ""we all""]",9,"the, to, trump, is, iran"
cd7d12fc25106e1c,6ebXffTl4do,@bradsmithhandyman,2026-06-22T04:20:25Z,0,"Don't believe the BS of the media. Ever. They are not your friends, Did you learn nothing from the 1000's of hoaxes over the past 10 years?",LABEL_0,0.9424213171005249,Anti,"[{""text"": ""1000"", ""label"": ""DATE""}, {""text"": ""the past 10 years"", ""label"": ""DATE""}]","[""the"", ""learn"", ""friends"", ""10"", ""10 years""]",5,"the, and, of, is, to"
631f91e176b3d5d4,6ebXffTl4do,@JordanJesus-o5o,2026-06-22T03:44:27Z,0,5. 00 dollars 💵 A gallon of gas ⛽ IN WASHINGTON STATE 🏞️🏔️🌄🍯🍎,LABEL_1,0.8296350240707397,Neutral,"[{""text"": ""5"", ""label"": ""CARDINAL""}, {""text"": ""00 dollars"", ""label"": ""MONEY""}, {""text"": ""WASHINGTON"", ""label"": ""GPE""}]","[""00"", ""gallon"", ""dollars gallon"", ""dollars"", ""gas""]",-1,
8190337b9bb28568,6ebXffTl4do,@Ky-by8xe,2026-06-22T03:44:48Z,0,"Yeah, like we can trust a poll from CBS. I clicked on this video for NEWS not PROPAGANDA. My mistake. Won't make it twice.",LABEL_0,0.6372900605201721,Anti,"[{""text"": ""CBS"", ""label"": ""ORG""}]","[""video"", ""for news"", ""twice"", ""yeah"", ""trust""]",9,"the, to, trump, is, iran"
c76d38bbbc3df8cc,6ebXffTl4do,@danielray5109,2026-06-22T03:44:54Z,0,Lindsay Graham is the merchant of death. He needs to be brought up on war crimes and thrown in prison.,LABEL_0,0.9669306874275208,Anti,"[{""text"": ""Lindsay Graham"", ""label"": ""PERSON""}]","[""graham is"", ""up on"", ""war crimes"", ""graham"", ""crimes""]",5,"the, and, of, is, to"
a22e341c407c1202,6ebXffTl4do,@YouLookingAtMeBro,2026-06-22T03:49:30Z,0,Nobody ever talks about the millions of Iranian citizens who are still looking for freedom without being exterminated.,LABEL_0,0.6745745539665222,Anti,"[{""text"": ""millions"", ""label"": ""CARDINAL""}, {""text"": ""Iranian"", ""label"": ""NORP""}]","[""freedom"", ""citizens"", ""looking"", ""without"", ""are still""]",5,"the, and, of, is, to"
fd1b231d456bdb3c,6ebXffTl4do,@thegoldenaengineer,2026-06-22T03:49:52Z,0,"Sen.Corey, the enemy is NOT Iran, it's Isreal.",LABEL_0,0.5259461402893066,Anti,"[{""text"": ""Corey"", ""label"": ""PERSON""}, {""text"": ""Iran"", ""label"": ""GPE""}]","[""corey"", ""sen"", ""not iran"", ""isreal"", ""enemy""]",8,"the, is, and, to, of"
0811faff75ac5922,6ebXffTl4do,@GASaZa777,2026-06-22T03:50:22Z,0,CBS fake B.S polls nice,LABEL_1,0.45164817571640015,Neutral,"[{""text"": ""CBS"", ""label"": ""ORG""}, {""text"": ""B.S"", ""label"": ""ORG""}]","[""fake polls"", ""nice"", ""cbs fake"", ""polls"", ""fake""]",-1,
d6463187309007bc,6ebXffTl4do,@frankmartinez170,2026-06-22T03:51:42Z,0,Scrap the plan and finish the irgc for good,LABEL_1,0.649502158164978,Neutral,[],"[""the plan"", ""plan"", ""the irgc"", ""finish"", ""finish the""]",-1,
13cfa78f31452418,6ebXffTl4do,@RaulSavala-p3r1g,2026-06-22T03:52:59Z,0,"REALLY, OH NO, NO, NO, NO, I expect gas prices to contiue to GO, up up up, not decrease, BECAUSE THE WAR (IS STILL GOING ON) , ESCALATING, ECT. THEIR FOR THEIRS (NO DEAL) AS WE CAN ALL SEE! 👎👎👎👎👎",LABEL_0,0.66493159532547,Anti,"[{""text"": ""REALLY"", ""label"": ""ORG""}, {""text"": ""GO"", ""label"": ""ORG""}, {""text"": ""ECT"", ""label"": ""ORG""}]","[""no"", ""up"", ""going on"", ""gas prices"", ""no deal""]",3,"the, to, he, trump, and"
f1490f2f2ffd28e8,6ebXffTl4do,@bhjb6384,2026-06-22T04:18:07Z,0,Bent on showing the world that there’s no bottom to his stupidity.,LABEL_0,0.8089369535446167,Anti,[],"[""world that"", ""bent"", ""stupidity"", ""bent on"", ""bottom""]",4,"cbs, news, is, fake, the"
0e7d8f2b927d48d1,6ebXffTl4do,@KeithBlanchard-d5l,2026-06-22T03:55:27Z,0,"Som go tell this clown , to go over there and fight one of their leaders in a head to head match. This non sense will stop😊😅😮😢",LABEL_0,0.946500837802887,Anti,[],"[""head"", ""go"", ""of their"", ""over there"", ""this clown""]",5,"the, and, of, is, to"
c5dc0ceadbceced7,6ebXffTl4do,@BUTCH6780,2026-06-22T04:17:49Z,0,You guys are nothing but negative,LABEL_0,0.9724499583244324,Anti,[],"[""negative"", ""guys"", ""nothing"", ""but"", ""you""]",2,"the, to, you, of, iran"
6ebba65fae3ae14f,6ebXffTl4do,@yarevatan6706,2026-06-22T04:11:54Z,0,Get frustrated with Bibi ! Why Iran ?to make who satisfied ?!!,LABEL_0,0.8247484564781189,Anti,"[{""text"": ""Bibi"", ""label"": ""PERSON""}, {""text"": ""Iran"", ""label"": ""GPE""}]","[""iran to"", ""bibi"", ""to make"", ""make"", ""why""]",2,"the, to, you, of, iran"
6a88452602961658,6ebXffTl4do,@fyrekites,2026-06-22T04:00:10Z,0,You can tell that grandma Lindsey is reading from a prepared speech just off camera.,LABEL_1,0.6155504584312439,Neutral,"[{""text"": ""Lindsey"", ""label"": ""PERSON""}]","[""tell"", ""lindsey"", ""you can"", ""off"", ""from""]",-1,
5cf587c612b36adc,6ebXffTl4do,@DANIELFRAIRE-w6p,2026-06-22T04:22:05Z,0,HOW IN THE HELL CAN YOU HAVE PEACE TALKS WITH IMMNENT THREATS OF VIOLENCE?,LABEL_0,0.9605115056037903,Anti,[],"[""threats of"", ""have peace"", ""you have"", ""can you"", ""talks""]",3,"the, to, he, trump, and"
75f9de59ecc0d860,6ebXffTl4do,@eva1780,2026-06-22T03:38:28Z,0,"Shame on everybody who says the cost of an issue with Iran was not worth it.The world owes thie help to Iranian people who were not given any free choice in 1979 by president Carter,French coward politicians and communists .The forced the radical Islam on Iranian people who have nothing in common with Arab culture,religion and history.I applaud Mr President Trump to have a gut and courage to fight that evil IRGC .Shame on all of you",LABEL_0,0.8248583078384399,Anti,"[{""text"": ""Iran"", ""label"": ""GPE""}, {""text"": ""Iranian"", ""label"": ""NORP""}, {""text"": ""1979"", ""label"": ""DATE""}, {""text"": ""Carter"", ""label"": ""PERSON""}, {""text"": ""French"", ""label"": ""NORP""}, {""text"": ""communists"", ""label"": ""NORP""}, {""text"": ""Islam"", ""label"": ""NORP""}, {""text"": ""Iranian"", ""label"": ""NORP""}, {""text"": ""Arab"", ""label"": ""NORP""}, {""text"": ""Trump"", ""label"": ""PERSON""}, {""text"": ""IRGC"", ""label"": ""ORG""}]","[""shame"", ""iranian people"", ""who"", ""people who"", ""on""]",9,"the, to, trump, is, iran"
5a749de6aa01a92b,6ebXffTl4do,@humblebeats3391,2026-06-22T03:38:11Z,0,People are not understanding. Sometimes you got to take a loss to save the multitude. It's deeper than we can understand,LABEL_0,0.6764999032020569,Anti,[],"[""save"", ""to take"", ""not understanding"", ""got to"", ""loss""]",8,"the, is, and, to, of"
1d35a8ee1362ec3b,6ebXffTl4do,@Mo.Ali.2010,2026-06-22T03:32:05Z,0,Mosadd will release Mosadd files if he continues the negotiation! He's handcuffed by Israeli blackmail. Feel sorry for him.,LABEL_0,0.8264606595039368,Anti,"[{""text"": ""Mosadd"", ""label"": ""PRODUCT""}, {""text"": ""Israeli"", ""label"": ""NORP""}]","[""continues"", ""feel sorry"", ""sorry for"", ""release"", ""sorry""]",3,"the, to, he, trump, and"
76fb26069da191fe,6ebXffTl4do,@millenniumbush,2026-06-22T03:27:35Z,0,"The Negotiators were in effect threatened that unless they capitulated to US demands, they may not have a home to go back home to, this also implies threats of eventual harm to the negotiators themselves. They were meeting in truce, under a white flag, this is a war crime under International Law.",LABEL_0,0.9049398899078369,Anti,"[{""text"": ""US"", ""label"": ""GPE""}]","[""negotiators"", ""home"", ""under"", ""were"", ""they""]",8,"the, is, and, to, of"
42a093a1d59b553d,6ebXffTl4do,@radovanminic7219,2026-06-22T04:26:20Z,0,"Last week US ""currency and credit derivatives now"" (published on USDebtClock"" by Fed) was 911 trillion (dollar's currency exposure hedged by paper collateral- money itself), today is 917 trillion and 2022 was 420 trillion, and you are complaining about 500B spent by Trump's war on Iran, number which media is propagating just to cover-up current cost of artificially maintaining dollar international swap position afloat (500B burned each day to prolong existence of sinking domestic economy and deteriorating infrastructure). Mr. President, please tear this system down for the sake of Americans' future generations.",LABEL_0,0.7756971120834351,Anti,"[{""text"": ""Last week"", ""label"": ""DATE""}, {""text"": ""US"", ""label"": ""GPE""}, {""text"": ""Fed"", ""label"": ""ORG""}, {""text"": ""911 trillion"", ""label"": ""MONEY""}, {""text"": ""today"", ""label"": ""DATE""}, {""text"": ""917 trillion"", ""label"": ""MONEY""}, {""text"": ""2022"", ""label"": ""DATE""}, {""text"": ""420 trillion"", ""label"": ""MONEY""}, {""text"": ""about 500B"", ""label"": ""CARDINAL""}, {""text"": ""Trump"", ""label"": ""ORG""}, {""text"": ""Iran"", ""label"": ""GPE""}, {""text"": ""each day"", ""label"": ""DATE""}, {""text"": ""Americans"", ""label"": ""NORP""}]","[""currency"", ""dollar"", ""by"", ""and"", ""was""]",8,"the, is, and, to, of"
ace60cf944284238,6ebXffTl4do,@patriciawolf8121,2026-06-22T03:28:25Z,0,Iranian regime is not going to stop come on we all know that,LABEL_0,0.719642162322998,Anti,"[{""text"": ""Iranian"", ""label"": ""NORP""}]","[""know that"", ""come on"", ""all know"", ""to stop"", ""we all""]",9,"the, to, trump, is, iran"
e69f236231741004,6ebXffTl4do,@wushushi1,2026-06-22T03:28:34Z,0,Trump is a Huge Loser,LABEL_0,0.9734024405479431,Anti,"[{""text"": ""Trump"", ""label"": ""ORG""}]","[""huge"", ""loser"", ""trump is"", ""trump"", ""is""]",8,"the, is, and, to, of"
6b18cd966a830da5,6ebXffTl4do,@finger7565,2026-06-22T03:29:15Z,0,WERE READY TO BACK OUR COUNTRY,LABEL_2,0.5164195895195007,Pro,[],"[""ready"", ""to back"", ""our country"", ""were"", ""country""]",0,"the, to, is, it, war"
8a75fb9c87bf1b49,6ebXffTl4do,@rorodriguez101,2026-06-22T03:29:49Z,0,Fake News,LABEL_0,0.9098352193832397,Anti,"[{""text"": ""Fake News"", ""label"": ""ORG""}]","[""fake news"", ""fake"", ""news""]",4,"cbs, news, is, fake, the"
da711e3336b26376,6ebXffTl4do,@Mo.Ali.2010,2026-06-22T03:30:07Z,0,Trump always chickens out!.,LABEL_0,0.8445084691047668,Anti,[],"[""always"", ""out"", ""trump""]",9,"the, to, trump, is, iran"
786aace32202f261,6ebXffTl4do,@cheryllee-xr7uq,2026-06-22T03:31:02Z,0,"It’s impossible to ignore the dangerous alignment we’re seeing between Iran, North Korea, China, and Russia. These regimes are clearly working together to destabilize the global order, sponsor terrorism, and aggressively pursue weapons of mass destruction. Iran’s track record from openly hostile rhetoric toward Americans to the brutal, lethal crackdowns on their own citizens shows exactly who they are. While I don’t agree with every move made by our political leaders, we cannot turn a blind eye to the very real threat these governments pose to international security and human rights.",LABEL_0,0.9099021553993225,Anti,"[{""text"": ""Iran"", ""label"": ""GPE""}, {""text"": ""North Korea"", ""label"": ""GPE""}, {""text"": ""China"", ""label"": ""GPE""}, {""text"": ""Russia"", ""label"": ""GPE""}, {""text"": ""Iran"", ""label"": ""GPE""}, {""text"": ""Americans"", ""label"": ""NORP""}]","[""to"", ""to the"", ""these"", ""the"", ""and""]",5,"the, and, of, is, to"
fe3af2e8e2c6b970,6ebXffTl4do,@AtlantaTENNIS-ju1vg,2026-06-22T03:32:36Z,0,laughing out loud,LABEL_2,0.7715783715248108,Pro,[],"[""laughing out"", ""out loud"", ""loud"", ""laughing"", ""out""]",8,"the, to, in, we, trump"
125640b3126f9ab2,6ebXffTl4do,@rongoelz3675,2026-06-22T03:37:27Z,0,Fake news,LABEL_0,0.8548171520233154,Anti,[],"[""fake news"", ""fake"", ""news""]",4,"cbs, news, is, fake, the"
ec544afd8c02e4d5,6ebXffTl4do,@princesslaya104pz6,2026-06-22T03:33:24Z,0,"REALLY SENDING 2 REAL-ESTATE BAFFOONS, TRUMP NEEDS TO GO TO IRAN 🇮🇷 TRUMP IS A CHICKEN AND AFRAID 😨 OF THE IRANIANS,,",LABEL_0,0.734723687171936,Anti,"[{""text"": ""TRUMP NEEDS TO GO"", ""label"": ""ORG""}, {""text"": ""TRUMP"", ""label"": ""ORG""}, {""text"": ""CHICKEN"", ""label"": ""ORG""}]","[""the iranians"", ""trump needs"", ""sending"", ""iranians"", ""to iran""]",9,"the, to, trump, is, iran"
d2ed3c06b11a327c,6ebXffTl4do,@miknak5254,2026-06-22T03:33:46Z,0,Trump looks dejected. He knows it was a colossal mistake to start this war. Maybe he is thinking of throwing Hegseth under the bus.,LABEL_0,0.9097744226455688,Anti,"[{""text"": ""Hegseth"", ""label"": ""PERSON""}]","[""thinking"", ""maybe he"", ""hegseth"", ""knows"", ""to start""]",5,"the, and, of, is, to"
b7b7d4be115c3805,6ebXffTl4do,@KenHamilton-t8z,2026-06-22T04:23:05Z,0,Lies lies lies,LABEL_0,0.8927229642868042,Anti,[],"[""lies"", ""lies lies""]",7,"and, not, he, the, they"
fbf532409bc765ef,6ebXffTl4do,@AtlantaTENNIS-ju1vg,2026-06-22T03:34:07Z,0,Things that never happened for $200 Alex,LABEL_1,0.5702176690101624,Neutral,"[{""text"": ""200"", ""label"": ""MONEY""}]","[""happened"", ""things"", ""never"", ""that"", ""for""]",-1,
b8611255db830921,6ebXffTl4do,@davidmccormick9589,2026-06-22T03:34:36Z,0,Isn't Lindsey Graham owned by AIPAC?,LABEL_1,0.6108251214027405,Neutral,"[{""text"": ""Lindsey Graham"", ""label"": ""PERSON""}, {""text"": ""AIPAC"", ""label"": ""ORG""}]","[""owned by"", ""by aipac"", ""owned"", ""lindsey graham"", ""aipac""]",-1,
3f95df905f9a2cea,6ebXffTl4do,@inquizative44,2026-06-22T03:36:56Z,0,Such dishonorable people. Cannot maintain an agreement like mature adults. And these people who don't realize if Iran creates a nuclear bomb they will for sure use it on us.,LABEL_0,0.9424513578414917,Anti,"[{""text"": ""Iran"", ""label"": ""GPE""}]","[""people"", ""they will"", ""sure"", ""nuclear bomb"", ""use it""]",2,"the, to, you, of, iran"
598a39a8da7dc8e6,6ebXffTl4do,@finger7565,2026-06-22T03:37:00Z,0,CBS IS HIDING REAL NEWS,LABEL_0,0.5104470252990723,Anti,"[{""text"": ""CBS"", ""label"": ""ORG""}]","[""hiding"", ""cbs is"", ""real"", ""news"", ""cbs""]",4,"cbs, news, is, fake, the"
6a1f4b012f37a5cb,6ebXffTl4do,@ApolloGemini11,2026-06-22T03:37:11Z,0,Trump and Pakistan are made for each other. Nothing good has come out of both of them.,LABEL_0,0.910088300704956,Anti,"[{""text"": ""Trump"", ""label"": ""ORG""}, {""text"": ""Pakistan"", ""label"": ""GPE""}]","[""are made"", ""pakistan"", ""of them"", ""each other"", ""both""]",5,"the, and, of, is, to"
23f6a55f1673633f,6ebXffTl4do,@stockers619,2026-06-22T04:50:07Z,0,"All of this is so annoying … the best way to fix this is to eliminate parties / congressmen and women / and jujst have a commission .. how we figure out the commission is another conversation … but set forth the best policies to help all Americans and what’s in our best interest .. 1 rep per state let the best person win .. but let the people vote on what is important . Region, county state but all the same vote . Majority wins !! Jerry mandering is the problem and we know this ! Rigged and it will always be that way until we amend and adjust the constitution . Can’t blame the founding fathers. Nobody expected history to repeat itself . If congress has no backbone the whole thing will collapse and. Here we have it 🙂",LABEL_0,0.5401178598403931,Anti,"[{""text"": ""Americans"", ""label"": ""NORP""}, {""text"": ""Jerry mandering"", ""label"": ""PERSON""}, {""text"": ""congress"", ""label"": ""ORG""}]","[""best"", ""the"", ""the best"", ""and"", ""we""]",9,"the, to, trump, is, iran"
bb3d6e015dd0c2a5,6ebXffTl4do,@Leto2ndAtreides,2026-06-22T04:50:26Z,0,"Trump likely knows how embarrassing the current deal sounds, and that he likely can't afford the bad optics.",LABEL_0,0.9076986908912659,Anti,"[{""text"": ""Trump"", ""label"": ""ORG""}]","[""afford"", ""can afford"", ""current"", ""knows"", ""sounds""]",5,"the, and, of, is, to"
58de40f24e5cd879,6ebXffTl4do,@markswaim5067,2026-06-22T08:41:46Z,0,"I suppose 69% of the people would have rather left Hitler in power, too. They're probably too young to remember who Hitler was anyway ( if the education system even bothered to teach them). The report said Democrats unimpressed? I agree. Who can be impressed with a Democrat anyway? Thank you.",LABEL_0,0.7006543278694153,Anti,"[{""text"": ""69%"", ""label"": ""PERCENT""}, {""text"": ""Hitler"", ""label"": ""PERSON""}, {""text"": ""Hitler"", ""label"": ""PERSON""}, {""text"": ""Democrats"", ""label"": ""NORP""}, {""text"": ""Democrat"", ""label"": ""NORP""}]","[""too"", ""who"", ""democrat"", ""education system"", ""education""]",9,"the, to, trump, is, iran"
3ada06e1e8eb94c6,6ebXffTl4do,@JRValdezLV,2026-06-22T02:24:06Z,0,USA military take over Kharg island. Boots other ground courtesy of the IDF. Call it a day✌️🫡🙏🇮🇱🇺🇲,LABEL_1,0.5828707218170166,Neutral,"[{""text"": ""USA"", ""label"": ""GPE""}, {""text"": ""Kharg"", ""label"": ""GPE""}, {""text"": ""IDF"", ""label"": ""ORG""}, {""text"": ""\ufe0f\ud83e\udee1\ud83d\ude4f\ud83c\uddee"", ""label"": ""PERSON""}, {""text"": ""\ud83c\uddf2"", ""label"": ""PERSON""}]","[""call"", ""idf"", ""the idf"", ""take over"", ""boots""]",-1,
a5e71b0c1df9aba1,6ebXffTl4do,@Profane283,2026-06-22T02:24:54Z,0,I would not make any deal with trump or ye hu.,LABEL_0,0.8045869469642639,Anti,[],"[""any deal"", ""with trump"", ""deal with"", ""would"", ""make""]",3,"the, to, he, trump, and"
b265a1d9dd9dc556,6ebXffTl4do,@deanhotter8057,2026-06-22T02:25:01Z,0,They dis approve but it's not over yet 😂😂😂😂😂😂 No patience.,LABEL_0,0.7921957969665527,Anti,[],"[""approve"", ""yet"", ""over"", ""but"", ""no""]",7,"and, not, he, the, they"
e8823ffe73e02a19,6ebXffTl4do,@SoCalBrian,2026-06-22T06:56:50Z,0,"CBS news is Black liberal news. As an Asian American, not for me.",LABEL_0,0.8459753394126892,Anti,"[{""text"": ""CBS"", ""label"": ""ORG""}, {""text"": ""Asian"", ""label"": ""NORP""}, {""text"": ""American"", ""label"": ""NORP""}]","[""news"", ""news is"", ""for me"", ""not for"", ""liberal""]",4,"cbs, news, is, fake, the"
f3b46d4d1e549964,6ebXffTl4do,@dheerajnambr,2026-06-22T06:56:50Z,0,This guy has some serious mental issues. He should be impeached immediately.,LABEL_0,0.9662162065505981,Anti,[],"[""should be"", ""he should"", ""some serious"", ""immediately"", ""mental""]",7,"and, not, he, the, they"
13d73121456c2023,6ebXffTl4do,@cuchulainn7016,2026-06-22T02:25:43Z,0,Can't get rid of the Epstein files. Can't build a wall. Can't keep out of foreign wars. Can't stay awake. Trump's entire Presidency is a Masterclass in failure.,LABEL_0,0.9446575045585632,Anti,"[{""text"": ""Epstein"", ""label"": ""PERSON""}, {""text"": ""Trump"", ""label"": ""PERSON""}]","[""can"", ""stay"", ""entire"", ""rid of"", ""rid""]",8,"the, is, and, to, of"
d774ea8a7ee63e0a,6ebXffTl4do,@Goel_haDam,2026-06-22T02:26:02Z,0,My president.DO IT. Ruina coeli some babies will have to get a bike BIG DEAL,LABEL_1,0.5200013518333435,Neutral,"[{""text"": ""Ruina"", ""label"": ""ORG""}]","[""will have"", ""my president"", ""have to"", ""big deal"", ""big""]",-1,
bc0af713f1969a10,6ebXffTl4do,@lancecahill5486,2026-06-22T06:54:26Z,0,"The United States has all the cards: diplomatic, economic, and military leverage. We can dial things up or down depending on Iran’s behavior.",LABEL_1,0.8356345891952515,Neutral,"[{""text"": ""The United States"", ""label"": ""GPE""}, {""text"": ""Iran"", ""label"": ""GPE""}]","[""cards"", ""economic"", ""the cards"", ""we can"", ""behavior""]",-1,
2f505e5786ef80fd,6ebXffTl4do,@J.Cannon-f1u,2026-06-22T02:26:14Z,0,"So, if we didn't put boots on the ground after Epic Fury, why would we now? Bluff called.",LABEL_0,0.6037895083427429,Anti,"[{""text"": ""Epic Fury"", ""label"": ""GPE""}, {""text"": ""Bluff"", ""label"": ""PERSON""}]","[""we"", ""why would"", ""put boots"", ""didn"", ""the ground""]",2,"the, to, you, of, iran"
28d12d23b6af846e,6ebXffTl4do,@joeneckbone4408,2026-06-22T02:26:16Z,0,0:02 - by the time this war is finished we will back to horse and carriage!!,LABEL_1,0.4724617898464203,Neutral,[],"[""finished"", ""the time"", ""we will"", ""war is"", ""by the""]",-1,
cd5648bd41ba0770,6ebXffTl4do,@stevechaney-c5o,2026-06-22T02:26:25Z,0,"The war with Iran had to be done. It was not a choice and if you can’t see that, then you’re part of the problem and not the solution. It looks like there’s so many things in this world that are so beyond the common people and that only true Sears fix what’s going on in the world. Thank you, Donald Trump and everybody in the world that understands right is right wrong is wrong. A man is a man and a woman is a woman, and there are no good terrorist to be terrorized by.",LABEL_0,0.7065945863723755,Anti,"[{""text"": ""Iran"", ""label"": ""GPE""}, {""text"": ""Sears"", ""label"": ""ORG""}, {""text"": ""Donald Trump"", ""label"": ""PERSON""}]","[""and"", ""world"", ""that"", ""world that"", ""woman""]",8,"the, is, and, to, of"
8188bf19ba8b5bff,6ebXffTl4do,@Goel_haDam,2026-06-22T02:26:31Z,0,This is a 50 year blood feud,LABEL_1,0.5220841765403748,Neutral,"[{""text"": ""50 year"", ""label"": ""DATE""}]","[""blood"", ""year"", ""50"", ""this is"", ""this""]",-1,
7efe11db84acd29f,6ebXffTl4do,@markrattenbury9924,2026-06-22T06:52:55Z,0,"Yep IRAN has easily BEATEN TRUMP😁 US cant win, whichever way it turns..IRAN HOLDS ALL THE CARDS🤣",LABEL_0,0.45112675428390503,Anti,"[{""text"": ""BEATEN TRUMP"", ""label"": ""ORG""}, {""text"": ""US"", ""label"": ""GPE""}]","[""cant"", ""cards"", ""the cards"", ""win"", ""turns""]",3,"the, to, he, trump, and"
1c3567393d12e2f3,6ebXffTl4do,@SilenceBringsAnswers,2026-06-22T02:27:01Z,0,Iran will not honor any deal; they are just biding as much time as they can before launching an attack.,LABEL_0,0.8781675696372986,Anti,"[{""text"": ""Iran"", ""label"": ""GPE""}]","[""as"", ""they"", ""any deal"", ""they can"", ""will not""]",3,"the, to, he, trump, and"
d8316094f96aad99,6ebXffTl4do,@Steven-bs6tp,2026-06-22T02:27:37Z,0,Communist Broadcasting Corporation has no idea how to conduct a poll!,LABEL_0,0.9201077818870544,Anti,"[{""text"": ""Communist Broadcasting Corporation"", ""label"": ""ORG""}]","[""conduct"", ""to conduct"", ""has no"", ""poll"", ""how""]",3,"the, to, he, trump, and"
55d4ad9448096773,6ebXffTl4do,@angelafoxmusic7265,2026-06-22T06:51:08Z,0,"Trump's pet war was won months ago. He told us over and over again. So since that's done, can we get back to the Epstein Files?",LABEL_1,0.4963836073875427,Neutral,"[{""text"": ""Trump"", ""label"": ""ORG""}, {""text"": ""months ago"", ""label"": ""DATE""}]","[""over"", ""months ago"", ""over and"", ""over again"", ""months""]",-1,
080d39b4fb7cae95,6ebXffTl4do,@theraceanalystphdprovingha4119,2026-06-22T02:28:12Z,0,Iran is behaving more civilized.,LABEL_1,0.5337496399879456,Neutral,"[{""text"": ""Iran"", ""label"": ""GPE""}]","[""iran is"", ""more"", ""iran"", ""is""]",-1,
0fb64b8070589669,6ebXffTl4do,@markmellor5489,2026-06-22T02:29:34Z,0,Way to go dumkopf. King Trump ruins everything again.,LABEL_0,0.9661402106285095,Anti,"[{""text"": ""Trump"", ""label"": ""PERSON""}]","[""king"", ""way to"", ""way"", ""everything"", ""to go""]",9,"the, to, trump, is, iran"
93715a6f85c10f4c,6ebXffTl4do,@user-xj5lc4nb7r,2026-06-22T06:44:41Z,0,Was this before or after Iran 🇮🇷 stormed out of the peace meeting with Vance 😮,LABEL_1,0.5001775026321411,Neutral,"[{""text"": ""Iran"", ""label"": ""GPE""}, {""text"": ""\ud83c\uddee"", ""label"": ""PRODUCT""}, {""text"": ""Vance"", ""label"": ""PERSON""}]","[""meeting"", ""the peace"", ""after"", ""before"", ""vance""]",-1,
a1ab6d15f1fb38e6,6ebXffTl4do,@christiankettlewell,2026-06-22T02:30:34Z,0,"Iran: OK, and?",LABEL_1,0.8067955374717712,Neutral,"[{""text"": ""Iran"", ""label"": ""GPE""}]","[""iran"", ""and""]",-1,
59ee5041f5de86eb,6ebXffTl4do,@robertsanders5873,2026-06-22T07:07:32Z,0,Sen Booker paid for by AIPAC f him,LABEL_1,0.5912429094314575,Neutral,"[{""text"": ""Sen Booker"", ""label"": ""PERSON""}, {""text"": ""AIPAC"", ""label"": ""ORG""}]","[""by aipac"", ""sen"", ""aipac"", ""paid"", ""booker""]",-1,
5b4455f88d241fc2,6ebXffTl4do,@BJOLDSCHOOL71,2026-06-22T02:23:26Z,0,Trump is always trying to look and sound like a tough guy and he can't keep his big mouth shut. Our American military is strong but the leader is weak. That's why he was a draft dodger and a coward. Oh how we miss having a real president like Barack Obama.,LABEL_0,0.8840135335922241,Anti,"[{""text"": ""Trump"", ""label"": ""ORG""}, {""text"": ""American"", ""label"": ""NORP""}, {""text"": ""Barack Obama"", ""label"": ""PERSON""}]","[""like"", ""and"", ""is"", ""but the"", ""that why""]",5,"the, and, of, is, to"
98d4a389381d1372,6ebXffTl4do,@caesarpost,2026-06-22T02:52:19Z,0,More threats this time is serious.Iranian are shaking in their booths.,LABEL_0,0.7893819212913513,Anti,"[{""text"": ""Iranian"", ""label"": ""NORP""}]","[""this time"", ""serious"", ""in their"", ""iranian"", ""threats""]",5,"the, and, of, is, to"
ce881d01bfcac172,6ebXffTl4do,@woozskee,2026-06-22T02:23:05Z,0,Get ready for the dip in the stock markets tomorrow,LABEL_1,0.62968510389328,Neutral,"[{""text"": ""tomorrow"", ""label"": ""DATE""}]","[""markets"", ""ready"", ""stock"", ""for the"", ""in the""]",-1,
60bfdc35a15ad8b5,6ebXffTl4do,@Chris30C,2026-06-22T02:17:24Z,0,Well guess the war will be over until Trump is either dead or out of the white house,LABEL_0,0.7612291574478149,Anti,"[{""text"": ""Trump"", ""label"": ""ORG""}, {""text"": ""the white house"", ""label"": ""ORG""}]","[""the white"", ""white house"", ""white"", ""house"", ""will be""]",9,"the, to, trump, is, iran"
3e3f150eedfb9c99,6ebXffTl4do,@gunilupis,2026-06-22T02:17:43Z,0,CBS Slanted poll gee what a surprise,LABEL_1,0.5215731859207153,Neutral,"[{""text"": ""CBS Slanted"", ""label"": ""ORG""}]","[""surprise"", ""poll"", ""cbs"", ""what""]",-1,
a70d4d825c633932,6ebXffTl4do,@lexxon11-n4q,2026-06-22T04:03:15Z,0,Remember they are ALL in this together its performative and they get paid by the SAME people to perform,LABEL_1,0.6260114312171936,Neutral,[],"[""they"", ""all in"", ""together"", ""remember"", ""same people""]",-1,
8626c12c0333df0d,6ebXffTl4do,@theCommentDevil,2026-06-22T02:17:56Z,0,Take Grandpa's phone away,LABEL_0,0.530106246471405,Anti,"[{""text"": ""Grandpa"", ""label"": ""PERSON""}]","[""grandpa"", ""away"", ""take""]",0,"he, trump, the, but, and"
51eb1636a6a08db5,6ebXffTl4do,@bobbyb9757,2026-06-22T02:18:02Z,0,TACO boy just makes threats 😂😂😂,LABEL_0,0.8027353882789612,Anti,"[{""text"": ""TACO"", ""label"": ""ORG""}]","[""boy"", ""makes threats"", ""taco"", ""makes"", ""threats""]",8,"the, is, and, to, of"
b0a29b06ef8ad2cc,6ebXffTl4do,@Estbels,2026-06-22T07:53:43Z,0,"Imagine the poor little innocent Israel are in Lebanon now killing Christians, can no one stop these troublemakers of the world??",LABEL_0,0.9603455662727356,Anti,"[{""text"": ""Israel"", ""label"": ""GPE""}, {""text"": ""Lebanon"", ""label"": ""GPE""}, {""text"": ""Christians"", ""label"": ""NORP""}]","[""are in"", ""innocent"", ""poor"", ""christians"", ""little""]",5,"the, and, of, is, to"
01d35502c894db1f,6ebXffTl4do,@Estbels,2026-06-22T07:52:45Z,0,One minute he’s kicking SATANYAHU next he’s kissing him again . Has he not learned yet?,LABEL_1,0.496961385011673,Neutral,"[{""text"": ""One minute"", ""label"": ""TIME""}, {""text"": ""SATANYAHU"", ""label"": ""ORG""}]","[""he"", ""he not"", ""minute"", ""has he"", ""next""]",-1,
962728f872595b17,6ebXffTl4do,@Proton47,2026-06-22T02:18:47Z,0,C'mon America! We will not be played!,LABEL_0,0.7999934554100037,Anti,"[{""text"": ""America"", ""label"": ""GPE""}]","[""not be"", ""we will"", ""will not"", ""america"", ""will""]",7,"and, not, he, the, they"
8bef1d4dec06d8c0,6ebXffTl4do,@Rickey-o6o,2026-06-22T02:18:53Z,0,Yeah if they would of developed a nuke 😂😂 think the President saved the world from future problems,LABEL_2,0.47214287519454956,Pro,[],"[""saved"", ""future"", ""think the"", ""yeah"", ""they would""]",7,"the, president, they, think, no"
f27954a05b44c26b,6ebXffTl4do,@420molo,2026-06-22T02:19:27Z,0,"Liberal biased fake news, terrible reporting",LABEL_0,0.9607244729995728,Anti,[],"[""reporting"", ""liberal"", ""fake news"", ""fake"", ""news""]",4,"cbs, news, is, fake, the"
a93c19a02e1c3ac8,6ebXffTl4do,@TheCamaro5,2026-06-22T02:19:33Z,0,A cbs poll laughing out loud,LABEL_1,0.5359489321708679,Neutral,"[{""text"": ""cbs"", ""label"": ""ORG""}]","[""cbs poll"", ""laughing out"", ""out loud"", ""loud"", ""laughing""]",-1,
a93684277ee8612d,6ebXffTl4do,@jonathanvilla7280,2026-06-22T02:19:54Z,0,"Iran is too far dug in and already took our best shot. The stockpiles of weapons you claimed to have destroyed are still there. Last I checked the ""winners"" get to dictate the terms and this deal gives them everything and we get nothing. We had 2 options to deal with Iran, with sanctions or bombs. Sanctions gave us a better and the bombs took away the projection of US military power. We blew up a whole bunch of dirt and lost 13 American lives. Lost any respect remaining globally giving China and Russia more confidence to act in opposition to us.",LABEL_0,0.8450005054473877,Anti,"[{""text"": ""Iran"", ""label"": ""GPE""}, {""text"": ""2"", ""label"": ""CARDINAL""}, {""text"": ""Iran"", ""label"": ""GPE""}, {""text"": ""US"", ""label"": ""GPE""}, {""text"": ""13"", ""label"": ""CARDINAL""}, {""text"": ""American"", ""label"": ""NORP""}, {""text"": ""China"", ""label"": ""GPE""}, {""text"": ""Russia"", ""label"": ""GPE""}]","[""and"", ""sanctions"", ""bombs"", ""us"", ""to""]",5,"the, and, of, is, to"
504bcce614f2b127,6ebXffTl4do,@YoYo-gt5iq,2026-06-22T02:19:56Z,0,"2:01 Corey Booker, funded by the Kushners Won't blame him. Their money is as good as any other's",LABEL_2,0.5292838215827942,Pro,"[{""text"": ""Corey Booker"", ""label"": ""PERSON""}, {""text"": ""Kushners"", ""label"": ""ORG""}]","[""as"", ""corey"", ""by the"", ""blame"", ""booker""]",4,"the, is, of, this, he"
8750c8f67b1444eb,6ebXffTl4do,@dhinsch933,2026-06-22T02:20:43Z,0,What percentage of Americans think you’re fake news? 💯 🗞️,LABEL_0,0.7605533003807068,Anti,"[{""text"": ""Americans"", ""label"": ""NORP""}]","[""americans think"", ""re fake"", ""of americans"", ""you re"", ""americans""]",8,"the, is, and, to, of"
83a89f7c29adc3bd,6ebXffTl4do,@Domo6768,2026-06-22T07:48:38Z,0,😂😂😂 the usa lost this long ago and they were warned by their own analysts that this would happen,LABEL_0,0.7755042910575867,Anti,"[{""text"": ""this long ago"", ""label"": ""DATE""}]","[""they were"", ""happen"", ""long"", ""this"", ""the usa""]",6,"they, this, would, long, and"
1d1bb9c25cd50277,6ebXffTl4do,@Punch-Counterpunch,2026-06-22T07:36:45Z,0,"Americans total defeat, cant ublock the straits, cant fight Iran, dont even dare to send boots on the ground, and wanted to offer 300 billions to Iran laughing out loud worse than what Obama offered",LABEL_0,0.9364309906959534,Anti,"[{""text"": ""Americans"", ""label"": ""NORP""}, {""text"": ""Iran"", ""label"": ""GPE""}, {""text"": ""300 billions"", ""label"": ""MONEY""}, {""text"": ""Iran"", ""label"": ""GPE""}, {""text"": ""Obama"", ""label"": ""PERSON""}]","[""cant"", ""to"", ""total"", ""the straits"", ""billions""]",2,"the, to, you, of, iran"
872a987473984ef2,6ebXffTl4do,@chazrodrick5898,2026-06-22T07:21:04Z,0,Trump is willing to sacrifice the economy to achieve victory for Israel through the blood of our finest! Dude you conceited stubborn loser quit why we ahead and avoid further losses. Kick Netanyahu out of the US!,LABEL_0,0.9080833792686462,Anti,"[{""text"": ""Trump"", ""label"": ""ORG""}, {""text"": ""Israel"", ""label"": ""GPE""}, {""text"": ""Kick Netanyahu"", ""label"": ""PERSON""}, {""text"": ""US"", ""label"": ""GPE""}]","[""willing to"", ""blood"", ""sacrifice"", ""of our"", ""through the""]",8,"the, is, and, to, of"
0301b33be56c20eb,6ebXffTl4do,@DavidIrizarry-b7m,2026-06-22T02:22:23Z,0,Fine we need a deal with Iran also,LABEL_1,0.8251778483390808,Neutral,"[{""text"": ""Iran"", ""label"": ""GPE""}]","[""fine"", ""deal with"", ""we need"", ""also"", ""with iran""]",-1,
0cba4a2beb7fdf44,6ebXffTl4do,@opking1616,2026-06-22T02:22:37Z,0,How is there a cease-fire? And Israel is still attacking. What ??,LABEL_0,0.9279285073280334,Anti,"[{""text"": ""Israel"", ""label"": ""GPE""}]","[""israel is"", ""cease"", ""fire and"", ""is still"", ""and israel""]",8,"the, is, and, to, of"
57f292c3d2cc0eb6,6ebXffTl4do,@wahjudiwahjudi3857,2026-06-22T06:40:17Z,0,"This is the social costs and hazards of having a mental-illness as president. A narcissistic ruthless pathological liar with trash mouth of toxic words, Trump keeps hallucinating, claiming, shouting, abusing, insulting, bullying and mocking anyone at anytime",LABEL_0,0.9794313311576843,Anti,"[{""text"": ""Trump"", ""label"": ""ORG""}]","[""ruthless"", ""insulting"", ""claiming"", ""trump keeps"", ""keeps""]",5,"the, and, of, is, to"
123c6425d54bb929,6ebXffTl4do,@RichardYoachum,2026-06-22T02:31:03Z,0,Someone needs to shut Trump's mouth again it's too bad he turned his head,LABEL_0,0.9497175216674805,Anti,"[{""text"": ""Trump"", ""label"": ""ORG""}]","[""turned"", ""someone"", ""head"", ""shut"", ""mouth""]",2,"the, to, you, of, iran"
281cc9158e08d556,6ebXffTl4do,@lwrgbr,2026-06-22T02:31:16Z,0,cbs still fake news.,LABEL_0,0.879380464553833,Anti,"[{""text"": ""cbs"", ""label"": ""ORG""}]","[""cbs still"", ""still"", ""fake news"", ""fake"", ""news""]",4,"cbs, news, is, fake, the"
58da66f7cb933263,6ebXffTl4do,@ronvenghaus6354,2026-06-22T02:33:03Z,0,CBS AGAIN JUST ANOTHER WORTHLESS DEM PROPAGANDA MACHINE!,LABEL_0,0.9281550645828247,Anti,"[{""text"": ""CBS AGAIN"", ""label"": ""ORG""}]","[""another worthless"", ""propaganda machine"", ""machine"", ""just another"", ""worthless""]",4,"cbs, news, is, fake, the"
0f374e412ebd5395,6ebXffTl4do,@moltitrader,2026-06-22T05:37:01Z,0,Please USA 🙏 carry on attack on Iran. We viewers enjoy David Vs Goliath. We see David hammering super power USA.,LABEL_1,0.5862765312194824,Neutral,"[{""text"": ""Please USA \ud83d\ude4f"", ""label"": ""ORG""}, {""text"": ""Iran"", ""label"": ""GPE""}, {""text"": ""David Vs Goliath"", ""label"": ""PERSON""}, {""text"": ""David"", ""label"": ""PERSON""}, {""text"": ""USA"", ""label"": ""GPE""}]","[""david"", ""usa"", ""on"", ""we"", ""vs""]",-1,
e5e6dc6e6b92acd8,6ebXffTl4do,@Skeeter9293,2026-06-22T05:20:54Z,0,Send them to mars Mr President ✌️4 🇺🇸,LABEL_1,0.6484683156013489,Neutral,"[{""text"": ""\ud83c\uddf8"", ""label"": ""PERSON""}]","[""mr president"", ""send"", ""mr"", ""them"", ""president""]",-1,
ce0669cf86b768c9,6ebXffTl4do,@DougCunningham64,2026-06-22T05:19:16Z,0,"CBS is stupid, the nation wide gas price is not under 4.00, here in centralia IL its still 4.53 so get yer crap in order",LABEL_0,0.9394476413726807,Anti,"[{""text"": ""CBS"", ""label"": ""ORG""}, {""text"": ""4.00"", ""label"": ""CARDINAL""}, {""text"": ""IL"", ""label"": ""ORG""}, {""text"": ""4.53"", ""label"": ""CARDINAL""}]","[""00"", ""nation wide"", ""price"", ""crap"", ""wide""]",5,"the, and, of, is, to"
0058119d9a671fbd,6ebXffTl4do,@captainkirk7676,2026-06-22T05:17:19Z,0,It's all about stock market manipulation to make him and buddies rich.,LABEL_0,0.566042423248291,Anti,[],"[""manipulation"", ""all about"", ""him and"", ""make him"", ""market""]",3,"the, to, he, trump, and"
0c76a7aed1502569,6ebXffTl4do,@tsenorbu75,2026-06-22T02:43:22Z,0,you want Neuclear in your 😊. I don't want.,LABEL_0,0.594641923904419,Anti,"[{""text"": ""Neuclear"", ""label"": ""PERSON""}]","[""want"", ""don want"", ""your"", ""don"", ""you""]",0,"he, trump, the, but, and"
0eb78a4e174dc004,6ebXffTl4do,@Skeeter9293,2026-06-22T05:16:18Z,0,I don’t think so,LABEL_1,0.6113602519035339,Neutral,[],"[""think"", ""don"", ""so""]",-1,
5280c7aaedfd8403,6ebXffTl4do,@ernestrhee777,2026-06-22T02:44:09Z,0,No surprises here.,LABEL_1,0.737765371799469,Neutral,[],"[""here"", ""no""]",-1,
e54fd92743e31ae3,6ebXffTl4do,@GabrielAjak-f7x,2026-06-22T05:13:53Z,0,I thought he said that the Iranian is done but what a bunch of lies 😂😂,LABEL_0,0.8386397957801819,Anti,"[{""text"": ""Iranian"", ""label"": ""NORP""}]","[""bunch of"", ""thought"", ""that the"", ""the iranian"", ""bunch""]",7,"and, not, he, the, they"
8de4f0faecef3e2f,6ebXffTl4do,@CW01123,2026-06-22T02:45:51Z,0,Pete is HAPPY.,LABEL_2,0.9617801308631897,Pro,"[{""text"": ""Pete"", ""label"": ""PERSON""}, {""text"": ""HAPPY"", ""label"": ""ORG""}]","[""happy"", ""is""]",5,"our, is, and, this, in"
d7182bce458845b1,6ebXffTl4do,@meatchuckg,2026-06-22T02:46:11Z,0,"Don't worry, here's Captain Sundown to ruin the day!",LABEL_1,0.4163360595703125,Neutral,"[{""text"": ""Sundown"", ""label"": ""PERSON""}]","[""captain"", ""here"", ""day"", ""don"", ""to""]",-1,
87373a6921bf5a15,6ebXffTl4do,@SylviaRuiz-t5t,2026-06-22T05:05:57Z,0,What a disgrace,LABEL_0,0.9675259590148926,Anti,[],"[""disgrace"", ""what""]",9,"the, to, trump, is, iran"
7c64922193b45e33,6ebXffTl4do,@BrianVaughn-i6t,2026-06-22T20:49:41Z,0,"President Donald Trump announced on Truth Social that several arrests have been made following what he called deliberate sabotage of the Reflecting Pool. AND.in other news today important to Iran, the world and his maga base.""",LABEL_1,0.6451099514961243,Neutral,"[{""text"": ""Donald Trump"", ""label"": ""PERSON""}, {""text"": ""Truth Social"", ""label"": ""ORG""}, {""text"": ""today"", ""label"": ""DATE""}, {""text"": ""Iran"", ""label"": ""GPE""}]","[""truth"", ""arrests"", ""reflecting"", ""social"", ""iran the""]",-1,
4d6f270a96a1601c,6ebXffTl4do,@jayden7818,2026-06-22T04:57:48Z,0,World needs to unite and make israel pay in all forms! Trump can’t stop it!,LABEL_1,0.5093662142753601,Neutral,"[{""text"": ""israel"", ""label"": ""GPE""}, {""text"": ""Trump"", ""label"": ""PERSON""}]","[""and make"", ""world needs"", ""pay"", ""trump can"", ""can stop""]",-1,
94de8034bab00346,6ebXffTl4do,@mikewileyyourwingman8818,2026-06-22T02:50:02Z,0,"Donny Dingbat got the message from his boss and financer, Miriam Adelson, who called him a failure for not getting more Americans killed",LABEL_0,0.8997614979743958,Anti,"[{""text"": ""Donny Dingbat"", ""label"": ""PERSON""}, {""text"": ""Miriam Adelson"", ""label"": ""PERSON""}, {""text"": ""Americans"", ""label"": ""NORP""}]","[""from his"", ""got the"", ""killed"", ""donny"", ""getting""]",7,"and, not, he, the, they"
13b46e8bad789bea,6ebXffTl4do,@dcoleman9938,2026-06-22T02:50:34Z,0,Please Lord send him to Israel. He enjoys a 99% approval rating there. Oh my bad that was last week.😂😂😂😂😂😂😂😂😂😂😂😂😂😂😂,LABEL_0,0.6084614992141724,Anti,"[{""text"": ""Israel"", ""label"": ""GPE""}, {""text"": ""99%"", ""label"": ""PERCENT""}, {""text"": ""last week"", ""label"": ""DATE""}]","[""to israel"", ""that was"", ""oh my"", ""last week"", ""lord""]",5,"the, and, of, is, to"
f88aecc5171dfbcb,6ebXffTl4do,@ninjatendo8199,2026-06-22T04:51:18Z,0,fox news 2 sucks,LABEL_0,0.9702836871147156,Anti,"[{""text"": ""fox"", ""label"": ""ORG""}, {""text"": ""2"", ""label"": ""CARDINAL""}]","[""fox"", ""fox news"", ""sucks"", ""news""]",4,"cbs, news, is, fake, the"
7d629f648bdd5917,6ebXffTl4do,@GWhite1001,2026-06-22T02:51:33Z,0,86 47,LABEL_1,0.5780026316642761,Neutral,"[{""text"": ""86"", ""label"": ""CARDINAL""}, {""text"": ""47"", ""label"": ""DATE""}]",[],-1,
2c48fde43fa23ccf,6ebXffTl4do,@piranhapanda6535,2026-06-22T02:52:01Z,0,Vance made progress with the talks? The muslims all totally dissed him.,LABEL_0,0.8043569922447205,Anti,"[{""text"": ""muslims"", ""label"": ""NORP""}]","[""muslims"", ""totally"", ""with the"", ""talks"", ""vance""]",3,"the, to, he, trump, and"
a842d38f4ab3eb9b,6ebXffTl4do,@jcoden6970,2026-06-22T02:41:49Z,0,"So lemme get this straight, Israel messes up the peace deal and Trump yells at Iran? Mmk dawg.",LABEL_0,0.741107702255249,Anti,"[{""text"": ""Israel"", ""label"": ""GPE""}, {""text"": ""Trump"", ""label"": ""ORG""}, {""text"": ""Iran"", ""label"": ""GPE""}]","[""messes"", ""get this"", ""deal and"", ""straight"", ""the peace""]",5,"the, and, of, is, to"
886926000c13792e,6ebXffTl4do,@grahammorris6235,2026-06-22T05:43:45Z,0,From the sublime to the ridiculous.,LABEL_1,0.4929831922054291,Neutral,[],"[""from the"", ""to the"", ""from"", ""the"", ""to""]",-1,
6c0ea821e4e84ef9,6ebXffTl4do,@Ms_AMGR,2026-06-22T05:49:11Z,0,"So many aim arrows at those who try to change the status quo. Politicians are disgusting when they put their power ahead of what’s best for the country, and in this case, humanity. It’s amazing to see someone withstand all the jabs and remain steadfast in their determination and self confidence. How many crumble and crawl away at less?",LABEL_0,0.6591829657554626,Anti,[],"[""many"", ""and"", ""at"", ""their"", ""less""]",8,"the, is, and, to, of"
7ecdabff15553176,6ebXffTl4do,@thetwilightzonelounge,2026-06-22T02:34:25Z,0,where us gas 3.93?,LABEL_1,0.794100821018219,Neutral,"[{""text"": ""3.93"", ""label"": ""CARDINAL""}]","[""where"", ""gas"", ""us""]",-1,
c1a8e6790a903b4a,6ebXffTl4do,@LynnVirden,2026-06-22T02:33:23Z,0,No surprise there,LABEL_1,0.7324622869491577,Neutral,[],"[""surprise"", ""there"", ""no""]",-1,
c4036f0e03d32c01,6ebXffTl4do,@Fellow_radek,2026-06-22T06:40:02Z,0,"it's monday and he's grumpy again, someone go change his diaper",LABEL_0,0.8141260147094727,Anti,"[{""text"": ""monday"", ""label"": ""DATE""}]","[""diaper"", ""monday"", ""someone"", ""and he"", ""change""]",7,"and, not, he, the, they"
6baae75a06695c2b,6ebXffTl4do,@JamieDebus-z7b,2026-06-22T02:33:30Z,0,The Dolfster was 1000000000% correct. He was soooooo right in his solution,LABEL_2,0.9323326349258423,Pro,"[{""text"": ""Dolfster"", ""label"": ""PERSON""}, {""text"": ""1000000000%"", ""label"": ""PERCENT""}]","[""was"", ""soooooo"", ""in his"", ""correct"", ""he was""]",9,"the, iran, of, and, he"
00c2eab7a58b03f4,6ebXffTl4do,@revnexlazar9646,2026-06-22T06:35:24Z,0,So iran should have nukes?,LABEL_0,0.5071876049041748,Anti,"[{""text"": ""iran"", ""label"": ""GPE""}]","[""should have"", ""nukes"", ""should"", ""have"", ""so""]",1,"of, so, the, and, his"
47e12db8341dba2d,6ebXffTl4do,@DarrylWilliams-gg4qx,2026-06-22T02:33:34Z,0,Stop Israel!🤬🤬🤬 Go President Trump.🥰🥰🥰,LABEL_0,0.552005410194397,Anti,"[{""text"": ""Israel"", ""label"": ""GPE""}, {""text"": ""Trump"", ""label"": ""PERSON""}]","[""president trump"", ""go"", ""stop"", ""israel"", ""president""]",9,"the, to, trump, is, iran"
ceb3b46f3ff6608c,6ebXffTl4do,@dar_jada,2026-06-22T02:33:40Z,0,FU CBS!,LABEL_0,0.7549607157707214,Anti,"[{""text"": ""CBS"", ""label"": ""ORG""}]","[""cbs""]",4,"cbs, news, is, fake, the"
ea8da3363df5b9b5,6ebXffTl4do,@cryptokids420,2026-06-22T06:15:44Z,0,"Most of us agree he is doing a good job with this and I am in a blue state. I’m not sure about the poles, but we are for him blowing them up if they persist. Go USA!",LABEL_2,0.7810275554656982,Pro,"[{""text"": ""USA"", ""label"": ""GPE""}]","[""good job"", ""sure"", ""blowing"", ""poles"", ""of us""]",5,"our, is, and, this, in"
8d81af72a9b49826,6ebXffTl4do,@musestudio7075,2026-06-22T02:34:12Z,0,Glad he's taking some time away from his pond to handle his real job.😅,LABEL_2,0.7711784839630127,Pro,[],"[""his"", ""taking"", ""away from"", ""from his"", ""glad""]",2,"to, job, iran, good, like"
eadf92df406f8de5,6ebXffTl4do,@williamhamilton8111,2026-06-22T02:35:19Z,0,Trump is a true scumbag he looks like a very sick sick human being I believe his brain is warped,LABEL_0,0.9786804914474487,Anti,"[{""text"": ""Trump"", ""label"": ""ORG""}]","[""sick"", ""human"", ""he looks"", ""looks like"", ""true""]",9,"the, to, trump, is, iran"
1aa85f2b2e461c74,6ebXffTl4do,@Trapper-e2n,2026-06-22T02:38:29Z,0,0:52 These polls are nonsense.,LABEL_0,0.8994684219360352,Anti,[],"[""polls are"", ""these polls"", ""nonsense"", ""polls"", ""these""]",0,"he, trump, the, but, and"
5b864858735149e6,6ebXffTl4do,@randallwinters7387,2026-06-22T02:35:31Z,0,"Ask any Trump fan. Who told you that Iran was going to build a nuclear weapon? Trump fan: ""They said so on The Five On Fox News"" Rational people: ""We went to war and now pay more for everything because Fox Snooze entertainers ""said so""?""",LABEL_0,0.656634509563446,Anti,"[{""text"": ""Trump"", ""label"": ""ORG""}, {""text"": ""Iran"", ""label"": ""GPE""}, {""text"": ""Five"", ""label"": ""CARDINAL""}, {""text"": ""Fox News"", ""label"": ""ORG""}, {""text"": ""Fox Snooze"", ""label"": ""ORG""}]","[""fan"", ""fox"", ""said"", ""so"", ""on""]",2,"the, to, you, of, iran"
048f5f45ffccc004,6ebXffTl4do,@williamhamilton8111,2026-06-22T02:35:42Z,0,United States government is more corrupt than it's ever been,LABEL_0,0.9722039103507996,Anti,"[{""text"": ""United States"", ""label"": ""GPE""}]","[""than it"", ""government"", ""than"", ""corrupt"", ""states""]",4,"cbs, news, is, fake, the"
70a12a2e2acb0dcd,6ebXffTl4do,@EL_ROB_007,2026-06-22T05:59:35Z,0,Fake news Monterey County 5 dollars a gallon or more,LABEL_0,0.6990188360214233,Anti,"[{""text"": ""Monterey County"", ""label"": ""GPE""}, {""text"": ""5 dollars"", ""label"": ""MONEY""}]","[""gallon"", ""county"", ""dollars gallon"", ""dollars"", ""fake news""]",4,"cbs, news, is, fake, the"
1d39e9984692c61e,6ebXffTl4do,@debbieallen7160,2026-06-22T02:36:33Z,0,Dementia.,LABEL_0,0.8070073127746582,Anti,[],"[""dementia""]",3,"the, to, he, trump, and"
cf0f880e9f3c4af6,6ebXffTl4do,@estherhezghian8770,2026-06-22T05:52:43Z,0,"Trump’s threats are meaningless…🙄🙄🙄🙄 if he is unable to do the job , just step away and let Netanyahu finish the job! Free the people of Iran!",LABEL_0,0.901393711566925,Anti,"[{""text"": ""Trump"", ""label"": ""ORG""}, {""text"": ""Netanyahu"", ""label"": ""PERSON""}, {""text"": ""Iran"", ""label"": ""GPE""}]","[""the job"", ""job"", ""meaningless"", ""of iran"", ""trump threats""]",8,"the, is, and, to, of"
f9b6446129e7b112,6ebXffTl4do,@yurpyurp2945,2026-06-22T02:37:37Z,0,Hi Bari! 👋🏼 absolutely tanking this place. We wish her well! 😂,LABEL_2,0.9569305181503296,Pro,"[{""text"": ""Bari"", ""label"": ""PERSON""}, {""text"": ""\ud83d\udc4b"", ""label"": ""LAW""}]","[""her"", ""absolutely"", ""wish"", ""bari"", ""place""]",8,"the, to, in, we, trump"
9bd8264d6b413b9a,6ebXffTl4do,@troyesquibel9303,2026-06-22T02:37:56Z,0,No one trusts CBS. Any Ellison entity will have its come uppance,LABEL_0,0.75188809633255,Anti,"[{""text"": ""CBS"", ""label"": ""ORG""}, {""text"": ""Ellison"", ""label"": ""PERSON""}]","[""will have"", ""no one"", ""come"", ""its"", ""any""]",7,"and, not, he, the, they"
8bcc2227c52ace18,6ebXffTl4do,@shtf1853,2026-06-22T02:38:19Z,0,I'm American & America should leave Iran the hell alone! Trumps an idiot!,LABEL_0,0.9088878035545349,Anti,"[{""text"": ""American & America"", ""label"": ""ORG""}, {""text"": ""Iran"", ""label"": ""GPE""}, {""text"": ""Trumps"", ""label"": ""PERSON""}]","[""alone"", ""an idiot"", ""iran the"", ""leave"", ""idiot""]",9,"the, to, trump, is, iran"
46a790ef37a45f5a,6ebXffTl4do,@Wisdom2812,2026-06-22T21:03:53Z,0,"Hard not to believe all of the derogatory things about Trump , especially when he blatantly exudes all of the behaviors in public. 😳",LABEL_0,0.840563952922821,Anti,"[{""text"": ""Trump"", ""label"": ""ORG""}]","[""all of"", ""of the"", ""all"", ""in public"", ""especially""]",5,"the, and, of, is, to"
